Epoch Number, Total Squared Error, 
0, 4.617938, 
1, 4.597701, 
2, 4.574897, 
3, 4.534513, 
4, 4.495840, 
5, 4.465216, 
6, 4.421450, 
7, 4.333710, 
8, 4.173106, 
9, 3.920217, 
10, 3.566379, 
11, 3.114460, 
12, 2.518733, 
13, 1.707066, 
14, 0.938756, 
15, 0.470065, 
16, 0.244743, 
17, 0.142979, 
18, 0.094756, 
19, 0.069688, 
20, 0.055340, 
21, 0.046437, 
