Epoch Number, Total Squared Error, 
0, 4.705621, 
1, 4.603804, 
2, 4.557921, 
3, 4.543965, 
4, 4.556714, 
5, 4.533733, 
6, 4.483647, 
7, 4.425323, 
8, 4.330092, 
9, 4.139695, 
10, 3.801172, 
11, 3.341615, 
12, 2.795584, 
13, 2.152451, 
14, 1.447770, 
15, 0.890420, 
16, 0.557372, 
17, 0.312839, 
18, 0.184493, 
19, 0.121743, 
20, 0.088178, 
21, 0.068502, 
22, 0.056134, 
23, 0.047925, 
