Epoch Number, Total Squared Error, 
0, 4.784336, 
1, 4.511218, 
2, 4.537484, 
3, 4.549229, 
4, 4.595617, 
5, 4.557347, 
6, 4.480557, 
7, 4.467612, 
8, 4.446032, 
9, 4.362130, 
10, 4.180790, 
11, 3.922372, 
12, 3.617231, 
13, 3.248627, 
14, 2.761203, 
15, 2.085271, 
16, 1.344964, 
17, 0.755280, 
18, 0.396240, 
19, 0.215167, 
20, 0.131584, 
21, 0.090406, 
22, 0.067815, 
23, 0.054359, 
24, 0.045823, 
