Epoch Number, Total Squared Error, 
0, 4.773330, 
1, 4.700713, 
2, 4.741796, 
3, 4.587823, 
4, 4.512511, 
5, 4.534904, 
6, 4.562730, 
7, 4.566923, 
8, 4.517900, 
9, 4.489704, 
10, 4.481930, 
11, 4.460597, 
12, 4.388417, 
13, 4.234608, 
14, 3.961125, 
15, 3.478133, 
16, 2.680972, 
17, 1.664040, 
18, 0.851814, 
19, 0.420235, 
20, 0.224838, 
21, 0.135470, 
22, 0.091448, 
23, 0.067809, 
24, 0.054059, 
25, 0.045482, 
