Epoch Number, Total Squared Error, 
0, 4.782544, 
1, 4.573171, 
2, 4.529348, 
3, 4.495153, 
4, 4.522257, 
5, 4.528045, 
6, 4.496918, 
7, 4.494520, 
8, 4.511810, 
9, 4.539257, 
10, 4.551558, 
11, 4.543601, 
12, 4.531499, 
13, 4.518724, 
14, 4.493173, 
15, 4.427127, 
16, 4.288558, 
17, 4.033988, 
18, 3.583938, 
19, 2.834995, 
20, 1.828949, 
21, 0.970707, 
22, 0.487223, 
23, 0.250286, 
24, 0.138836, 
25, 0.086793, 
26, 0.060978, 
27, 0.046963, 
