Epoch Number, Total Squared Error, 
0, 5.015401, 
1, 4.608780, 
2, 4.640039, 
3, 4.635847, 
4, 4.666443, 
5, 4.562564, 
6, 4.477473, 
7, 4.501210, 
8, 4.532781, 
9, 4.520623, 
10, 4.440987, 
11, 4.344095, 
12, 4.235827, 
13, 4.082162, 
14, 3.862353, 
15, 3.610676, 
16, 3.387904, 
17, 3.170443, 
18, 2.843927, 
19, 2.279335, 
20, 1.515282, 
21, 0.824450, 
22, 0.417822, 
23, 0.227061, 
24, 0.138146, 
25, 0.093333, 
26, 0.068601, 
27, 0.053855, 
28, 0.044500, 
