Epoch Number, Total Squared Error, 
0, 4.874857, 
1, 4.686882, 
2, 4.812104, 
3, 4.625576, 
4, 4.491735, 
5, 4.520242, 
6, 4.552465, 
7, 4.584376, 
8, 4.535437, 
9, 4.504409, 
10, 4.517292, 
11, 4.536585, 
12, 4.533370, 
13, 4.497654, 
14, 4.452919, 
15, 4.392789, 
16, 4.278008, 
17, 4.055422, 
18, 3.688832, 
19, 3.162513, 
20, 2.422834, 
21, 1.487772, 
22, 0.739756, 
23, 0.355423, 
24, 0.186152, 
25, 0.110994, 
26, 0.074962, 
27, 0.055958, 
28, 0.044977, 
