Epoch Number, Total Squared Error, 
0, 4.864451, 
1, 4.587446, 
2, 4.568003, 
3, 4.527457, 
4, 4.567601, 
5, 4.550684, 
6, 4.464747, 
7, 4.398865, 
8, 4.306742, 
9, 4.137487, 
10, 3.795360, 
11, 3.277013, 
12, 2.616908, 
13, 1.879229, 
14, 1.148285, 
15, 0.654563, 
16, 0.368578, 
17, 0.207547, 
18, 0.129326, 
19, 0.089766, 
20, 0.067802, 
21, 0.054620, 
22, 0.046179, 
