Epoch Number, Total Squared Error, 
0, 4.808047, 
1, 4.622911, 
2, 4.590730, 
3, 4.579670, 
4, 4.588043, 
5, 4.554590, 
6, 4.513890, 
7, 4.509767, 
8, 4.500606, 
9, 4.448140, 
10, 4.331339, 
11, 4.155497, 
12, 3.932475, 
13, 3.677919, 
14, 3.410757, 
15, 3.125051, 
16, 2.772278, 
17, 2.287082, 
18, 1.687525, 
19, 1.089602, 
20, 0.615617, 
21, 0.331508, 
22, 0.189789, 
23, 0.120064, 
24, 0.083400, 
25, 0.062585, 
26, 0.049942, 
