Epoch Number, Total Squared Error, 
0, 4.690476, 
1, 4.641579, 
2, 4.605860, 
3, 4.582105, 
4, 4.557207, 
5, 4.522922, 
6, 4.477501, 
7, 4.405559, 
8, 4.272347, 
9, 4.024251, 
10, 3.584974, 
11, 2.862958, 
12, 1.857596, 
13, 0.947218, 
14, 0.451528, 
15, 0.234065, 
16, 0.137895, 
17, 0.091659, 
18, 0.067231, 
19, 0.053178, 
20, 0.044485, 
