Epoch Number, Total Squared Error, 
0, 4.828393, 
1, 4.539542, 
2, 4.577679, 
3, 4.614517, 
4, 4.636784, 
5, 4.545304, 
6, 4.439287, 
7, 4.414462, 
8, 4.395812, 
9, 4.321854, 
10, 4.146890, 
11, 3.910600, 
12, 3.633108, 
13, 3.231253, 
14, 2.505038, 
15, 1.508962, 
16, 0.748546, 
17, 0.365898, 
18, 0.199383, 
19, 0.123988, 
20, 0.086242, 
21, 0.065446, 
22, 0.053026, 
23, 0.045085, 
