Epoch Number, Total Squared Error, 
0, 4.615127, 
1, 4.570394, 
2, 4.553886, 
3, 4.555882, 
4, 4.555025, 
5, 4.538048, 
6, 4.516963, 
7, 4.494793, 
8, 4.457910, 
9, 4.382917, 
10, 4.249812, 
11, 4.051627, 
12, 3.806871, 
13, 3.570408, 
14, 3.389633, 
15, 3.255397, 
16, 3.119747, 
17, 2.915890, 
18, 2.566428, 
19, 2.024756, 
20, 1.352943, 
21, 0.763109, 
22, 0.401058, 
23, 0.225226, 
24, 0.141468, 
25, 0.098023, 
26, 0.073437, 
27, 0.058506, 
28, 0.048886, 
