Epoch Number, Total Squared Error, 
0, 4.701030, 
1, 4.658545, 
2, 4.641048, 
3, 4.545204, 
4, 4.490362, 
5, 4.494476, 
6, 4.514207, 
7, 4.523705, 
8, 4.508801, 
9, 4.500437, 
10, 4.508180, 
11, 4.520303, 
12, 4.525281, 
13, 4.520358, 
14, 4.513388, 
15, 4.506107, 
16, 4.488892, 
17, 4.444680, 
18, 4.349004, 
19, 4.159970, 
20, 3.804740, 
21, 3.203556, 
22, 2.359413, 
23, 1.427918, 
24, 0.724914, 
25, 0.359867, 
26, 0.195191, 
27, 0.119594, 
28, 0.082107, 
29, 0.061828, 
30, 0.049938, 
