Epoch Number, Total Squared Error, 
0, 4.925489, 
1, 4.609453, 
2, 4.582813, 
3, 4.523612, 
4, 4.600275, 
5, 4.616016, 
6, 4.523975, 
7, 4.456954, 
8, 4.396837, 
9, 4.322812, 
10, 4.130836, 
11, 3.815312, 
12, 3.461215, 
13, 3.123754, 
14, 2.757903, 
15, 2.260190, 
16, 1.627790, 
17, 1.048656, 
18, 0.680103, 
19, 0.368915, 
20, 0.204112, 
21, 0.128668, 
22, 0.090103, 
23, 0.068163, 
24, 0.054709, 
25, 0.045954, 
