Epoch Number, Total Squared Error, 
0, 5.299730, 
1, 4.621482, 
2, 4.668676, 
3, 4.594379, 
4, 4.662854, 
5, 4.696310, 
6, 4.545984, 
7, 4.513047, 
8, 4.528883, 
9, 4.560814, 
10, 4.543303, 
11, 4.462075, 
12, 4.370378, 
13, 4.221970, 
14, 3.922484, 
15, 3.355022, 
16, 2.513555, 
17, 1.567784, 
18, 0.830722, 
19, 0.421254, 
20, 0.225572, 
21, 0.134591, 
22, 0.090101, 
23, 0.066501, 
24, 0.052910, 
25, 0.044489, 
