Epoch Number, Total Squared Error, 
0, 4.793587, 
1, 4.686904, 
2, 4.610275, 
3, 4.573004, 
4, 4.556954, 
5, 4.529430, 
6, 4.496580, 
7, 4.448730, 
8, 4.346358, 
9, 4.134429, 
10, 3.788614, 
11, 3.357577, 
12, 2.877285, 
13, 2.322142, 
14, 1.674536, 
15, 1.033319, 
16, 0.593453, 
17, 0.314061, 
18, 0.173737, 
19, 0.107577, 
20, 0.074076, 
21, 0.055542, 
22, 0.044450, 
