Epoch Number, Total Squared Error, 
0, 4.962374, 
1, 4.622576, 
2, 4.605461, 
3, 4.518380, 
4, 4.549093, 
5, 4.550094, 
6, 4.427720, 
7, 4.305096, 
8, 4.147750, 
9, 3.950096, 
10, 3.656292, 
11, 3.314894, 
12, 2.988208, 
13, 2.674001, 
14, 2.320185, 
15, 1.769636, 
16, 1.148168, 
17, 0.730071, 
18, 0.450834, 
19, 0.251472, 
20, 0.147491, 
21, 0.096456, 
22, 0.069850, 
23, 0.054851, 
24, 0.045644, 
