Epoch Number, Total Squared Error, 
0, 4.614229, 
1, 4.578648, 
2, 4.554243, 
3, 4.540154, 
4, 4.527785, 
5, 4.514071, 
6, 4.506987, 
7, 4.509298, 
8, 4.515366, 
9, 4.519087, 
10, 4.518678, 
11, 4.515662, 
12, 4.509433, 
13, 4.494662, 
14, 4.461575, 
15, 4.395146, 
16, 4.273106, 
17, 4.068700, 
18, 3.764743, 
19, 3.364793, 
20, 2.856819, 
21, 2.178596, 
22, 1.424442, 
23, 0.828950, 
24, 0.444483, 
25, 0.237826, 
26, 0.142526, 
27, 0.096611, 
28, 0.071755, 
29, 0.056941, 
30, 0.047491, 
