Epoch Number, Total Squared Error, 
0, 4.694643, 
1, 4.598144, 
2, 4.573650, 
3, 4.573910, 
4, 4.598396, 
5, 4.584197, 
6, 4.557297, 
7, 4.549634, 
8, 4.550152, 
9, 4.532652, 
10, 4.468729, 
11, 4.347196, 
12, 4.148648, 
13, 3.852796, 
14, 3.470766, 
15, 3.022719, 
16, 2.482281, 
17, 1.897023, 
18, 1.348071, 
19, 0.931550, 
20, 0.550396, 
21, 0.319688, 
22, 0.198759, 
23, 0.132907, 
24, 0.096290, 
25, 0.074919, 
26, 0.061562, 
27, 0.052609, 
28, 0.046240, 
