Epoch Number, Total Squared Error, 
0, 4.890927, 
1, 4.553266, 
2, 4.555734, 
3, 4.526526, 
4, 4.559700, 
5, 4.537982, 
6, 4.437655, 
7, 4.374674, 
8, 4.300294, 
9, 4.182442, 
10, 3.970814, 
11, 3.706342, 
12, 3.455400, 
13, 3.220446, 
14, 2.964905, 
15, 2.596743, 
16, 2.085844, 
17, 1.513150, 
18, 0.896793, 
19, 0.501672, 
20, 0.296747, 
21, 0.190177, 
22, 0.131372, 
23, 0.096920, 
24, 0.075759, 
25, 0.062123, 
26, 0.052886, 
27, 0.046332, 
