Epoch Number, Total Squared Error, 
0, 4.767203, 
1, 4.521646, 
2, 4.517709, 
3, 4.504775, 
4, 4.545798, 
5, 4.525067, 
6, 4.428620, 
7, 4.347296, 
8, 4.239503, 
9, 4.062374, 
10, 3.773543, 
11, 3.434356, 
12, 3.071292, 
13, 2.614123, 
14, 1.941117, 
15, 1.184777, 
16, 0.621256, 
17, 0.318523, 
18, 0.181984, 
19, 0.118624, 
20, 0.085649, 
21, 0.066645, 
22, 0.054859, 
23, 0.047104, 
