Epoch Number, Total Squared Error, 
0, 4.934817, 
1, 4.677042, 
2, 4.828388, 
3, 4.681188, 
4, 4.510708, 
5, 4.521739, 
6, 4.545939, 
7, 4.597129, 
8, 4.559015, 
9, 4.509776, 
10, 4.492790, 
11, 4.471173, 
12, 4.387555, 
13, 4.174350, 
14, 3.792497, 
15, 3.173567, 
16, 2.278109, 
17, 1.305316, 
18, 0.641192, 
19, 0.316720, 
20, 0.173840, 
21, 0.108353, 
22, 0.075618, 
23, 0.057730, 
24, 0.047135, 
