Epoch Number, Total Squared Error, 
0, 4.654412, 
1, 4.614818, 
2, 4.572909, 
3, 4.528358, 
4, 4.488299, 
5, 4.451091, 
6, 4.400972, 
7, 4.310319, 
8, 4.138782, 
9, 3.827485, 
10, 3.301372, 
11, 2.492872, 
12, 1.499972, 
13, 0.744453, 
14, 0.365709, 
15, 0.198709, 
16, 0.122454, 
17, 0.084510, 
18, 0.063832, 
19, 0.051615, 
20, 0.043880, 
