Epoch Number, Total Squared Error, 
0, 4.681163, 
1, 4.621785, 
2, 4.603154, 
3, 4.608539, 
4, 4.600404, 
5, 4.557735, 
6, 4.498630, 
7, 4.416923, 
8, 4.275393, 
9, 4.039604, 
10, 3.727404, 
11, 3.374520, 
12, 2.971964, 
13, 2.443103, 
14, 1.727399, 
15, 1.025457, 
16, 0.555047, 
17, 0.294930, 
18, 0.174853, 
19, 0.117018, 
20, 0.086035, 
21, 0.067641, 
22, 0.055813, 
23, 0.047775, 
