Epoch Number, Total Squared Error, 
0, 4.902959, 
1, 4.676192, 
2, 4.624254, 
3, 4.604613, 
4, 4.648694, 
5, 4.614615, 
6, 4.557663, 
7, 4.541228, 
8, 4.531019, 
9, 4.479486, 
10, 4.335636, 
11, 4.095485, 
12, 3.767170, 
13, 3.395309, 
14, 3.029425, 
15, 2.668644, 
16, 2.249434, 
17, 1.660939, 
18, 0.967836, 
19, 0.596317, 
20, 0.411529, 
21, 0.233881, 
22, 0.135656, 
23, 0.090690, 
24, 0.067877, 
25, 0.054436, 
26, 0.045656, 
