Epoch Number, Total Squared Error, 
0, 4.790203, 
1, 4.648163, 
2, 4.586324, 
3, 4.558733, 
4, 4.562213, 
5, 4.544593, 
6, 4.518221, 
7, 4.515959, 
8, 4.530098, 
9, 4.546463, 
10, 4.547578, 
11, 4.532843, 
12, 4.505509, 
13, 4.452508, 
14, 4.339810, 
15, 4.115951, 
16, 3.739165, 
17, 3.210403, 
18, 2.557028, 
19, 1.799078, 
20, 1.069996, 
21, 0.611589, 
22, 0.367592, 
23, 0.215912, 
24, 0.133121, 
25, 0.090941, 
26, 0.068219, 
27, 0.054839, 
28, 0.046300, 
