Epoch Number, Total Squared Error, 
0, 4.819801, 
1, 4.750453, 
2, 4.674713, 
3, 4.575774, 
4, 4.521034, 
5, 4.518646, 
6, 4.530485, 
7, 4.530465, 
8, 4.513649, 
9, 4.492805, 
10, 4.462714, 
11, 4.398518, 
12, 4.271228, 
13, 4.064404, 
14, 3.789662, 
15, 3.481665, 
16, 3.156435, 
17, 2.772915, 
18, 2.269306, 
19, 1.670141, 
20, 1.066348, 
21, 0.591326, 
22, 0.322930, 
23, 0.194442, 
24, 0.129895, 
25, 0.094379, 
26, 0.073333, 
27, 0.060092, 
28, 0.051303, 
29, 0.045167, 
