Epoch Number, Total Squared Error, 
0, 5.207380, 
1, 4.636199, 
2, 4.640356, 
3, 4.536438, 
4, 4.582134, 
5, 4.650636, 
6, 4.552800, 
7, 4.511255, 
8, 4.498828, 
9, 4.518866, 
10, 4.512929, 
11, 4.413436, 
12, 4.249164, 
13, 4.028824, 
14, 3.763950, 
15, 3.465756, 
16, 3.158759, 
17, 2.828778, 
18, 2.430753, 
19, 1.903852, 
20, 1.324156, 
21, 0.879298, 
22, 0.500967, 
23, 0.274599, 
24, 0.162645, 
25, 0.106527, 
26, 0.076412, 
27, 0.059028, 
28, 0.048308, 
