Epoch Number, Total Squared Error, 
0, 4.664524, 
1, 4.568557, 
2, 4.544793, 
3, 4.543549, 
4, 4.565277, 
5, 4.551527, 
6, 4.517963, 
7, 4.494714, 
8, 4.468143, 
9, 4.404437, 
10, 4.255651, 
11, 4.001846, 
12, 3.655298, 
13, 3.250787, 
14, 2.793263, 
15, 2.236489, 
16, 1.556803, 
17, 0.934056, 
18, 0.583008, 
19, 0.316653, 
20, 0.164314, 
21, 0.096192, 
22, 0.064564, 
23, 0.047896, 
