Epoch Number, Total Squared Error, 
0, 4.714590, 
1, 4.676195, 
2, 4.697846, 
3, 4.595889, 
4, 4.528800, 
5, 4.533740, 
6, 4.564699, 
7, 4.585903, 
8, 4.569056, 
9, 4.558980, 
10, 4.567194, 
11, 4.579791, 
12, 4.577471, 
13, 4.553024, 
14, 4.510428, 
15, 4.437394, 
16, 4.300705, 
17, 4.057543, 
18, 3.688011, 
19, 3.202569, 
20, 2.582333, 
21, 1.849257, 
22, 1.136494, 
23, 0.652508, 
24, 0.348175, 
25, 0.174186, 
26, 0.098271, 
27, 0.063634, 
28, 0.045946, 
