Epoch Number, Total Squared Error, 
0, 4.647401, 
1, 4.609897, 
2, 4.582181, 
3, 4.558800, 
4, 4.526612, 
5, 4.483439, 
6, 4.422455, 
7, 4.315721, 
8, 4.121156, 
9, 3.807831, 
10, 3.383606, 
11, 2.851301, 
12, 2.182028, 
13, 1.445839, 
14, 0.801593, 
15, 0.447445, 
16, 0.247242, 
17, 0.144973, 
18, 0.095572, 
19, 0.069795, 
20, 0.055068, 
21, 0.046013, 
