Epoch Number, Total Squared Error, 
0, 4.636558, 
1, 4.624363, 
2, 4.596059, 
3, 4.527602, 
4, 4.496672, 
5, 4.501121, 
6, 4.501206, 
7, 4.470428, 
8, 4.411943, 
9, 4.339858, 
10, 4.234874, 
11, 4.062826, 
12, 3.810762, 
13, 3.519548, 
14, 3.243579, 
15, 2.961931, 
16, 2.577109, 
17, 2.016384, 
18, 1.356896, 
19, 0.826208, 
20, 0.504321, 
21, 0.320498, 
22, 0.213040, 
23, 0.148067, 
24, 0.108127, 
25, 0.083062, 
26, 0.066818, 
27, 0.055880, 
28, 0.048217, 
