Epoch Number, Total Squared Error, 
0, 4.712514, 
1, 4.598505, 
2, 4.532860, 
3, 4.506133, 
4, 4.519324, 
5, 4.518202, 
6, 4.510420, 
7, 4.519136, 
8, 4.538608, 
9, 4.552727, 
10, 4.543501, 
11, 4.508958, 
12, 4.445917, 
13, 4.331044, 
14, 4.119807, 
15, 3.768238, 
16, 3.263051, 
17, 2.600327, 
18, 1.823647, 
19, 1.069506, 
20, 0.571998, 
21, 0.311402, 
22, 0.175425, 
23, 0.109622, 
24, 0.076612, 
25, 0.058491, 
26, 0.047687, 
