Epoch Number, Total Squared Error, 
0, 4.673189, 
1, 4.637846, 
2, 4.613343, 
3, 4.596612, 
4, 4.587984, 
5, 4.587752, 
6, 4.589287, 
7, 4.584604, 
8, 4.570443, 
9, 4.546172, 
10, 4.505414, 
11, 4.430773, 
12, 4.290434, 
13, 4.029934, 
14, 3.566531, 
15, 2.828234, 
16, 1.863712, 
17, 0.961881, 
18, 0.442362, 
19, 0.218970, 
20, 0.124470, 
21, 0.080803, 
22, 0.058449, 
23, 0.045906, 
