Epoch Number, Total Squared Error, 
0, 4.724126, 
1, 4.657060, 
2, 4.694085, 
3, 4.630258, 
4, 4.562331, 
5, 4.540946, 
6, 4.545651, 
7, 4.534353, 
8, 4.442069, 
9, 4.284158, 
10, 4.046221, 
11, 3.688926, 
12, 3.181542, 
13, 2.522555, 
14, 1.757695, 
15, 1.021393, 
16, 0.539562, 
17, 0.298245, 
18, 0.171841, 
19, 0.108960, 
20, 0.076806, 
21, 0.058937, 
22, 0.048196, 
