Epoch Number, Total Squared Error, 
0, 4.974366, 
1, 4.586284, 
2, 4.593129, 
3, 4.573469, 
4, 4.610708, 
5, 4.563300, 
6, 4.451490, 
7, 4.426161, 
8, 4.422660, 
9, 4.397016, 
10, 4.295298, 
11, 4.128700, 
12, 3.933370, 
13, 3.714574, 
14, 3.480811, 
15, 3.254716, 
16, 3.055932, 
17, 2.835223, 
18, 2.494565, 
19, 1.970510, 
20, 1.326698, 
21, 0.799001, 
22, 0.465136, 
23, 0.279386, 
24, 0.179194, 
25, 0.121386, 
26, 0.086883, 
27, 0.065602, 
28, 0.051967, 
29, 0.042924, 
