Epoch Number, Total Squared Error, 
0, 5.018246, 
1, 4.716230, 
2, 4.859554, 
3, 4.666054, 
4, 4.470396, 
5, 4.489370, 
6, 4.516034, 
7, 4.558239, 
8, 4.494913, 
9, 4.387573, 
10, 4.245666, 
11, 4.010916, 
12, 3.650710, 
13, 3.149414, 
14, 2.527911, 
15, 1.766414, 
16, 1.053206, 
17, 0.613095, 
18, 0.358615, 
19, 0.209299, 
20, 0.129751, 
21, 0.088597, 
22, 0.066100, 
23, 0.052774, 
24, 0.044278, 
