Epoch Number, Total Squared Error, 
0, 4.668660, 
1, 4.583159, 
2, 4.530417, 
3, 4.483664, 
4, 4.430226, 
5, 4.306163, 
6, 4.097933, 
7, 3.814229, 
8, 3.460753, 
9, 3.032830, 
10, 2.476567, 
11, 1.797740, 
12, 1.104945, 
13, 0.612549, 
14, 0.337344, 
15, 0.191591, 
16, 0.121116, 
17, 0.085302, 
18, 0.065262, 
19, 0.053117, 
20, 0.045269, 
