Epoch Number, Total Squared Error, 
0, 4.825869, 
1, 4.754309, 
2, 4.858064, 
3, 4.619905, 
4, 4.522581, 
5, 4.554608, 
6, 4.583848, 
7, 4.556497, 
8, 4.457825, 
9, 4.384896, 
10, 4.287257, 
11, 4.106935, 
12, 3.845664, 
13, 3.569796, 
14, 3.329658, 
15, 3.084013, 
16, 2.767804, 
17, 2.334136, 
18, 1.845031, 
19, 1.347005, 
20, 0.830459, 
21, 0.478919, 
22, 0.286021, 
23, 0.181347, 
24, 0.123156, 
25, 0.089631, 
26, 0.069329, 
27, 0.056326, 
28, 0.047544, 
