Epoch Number, Total Squared Error, 
0, 4.798076, 
1, 4.719598, 
2, 4.671994, 
3, 4.548218, 
4, 4.486468, 
5, 4.513492, 
6, 4.583619, 
7, 4.631259, 
8, 4.626160, 
9, 4.598305, 
10, 4.566301, 
11, 4.512877, 
12, 4.394945, 
13, 4.194512, 
14, 3.926584, 
15, 3.599283, 
16, 3.180131, 
17, 2.603975, 
18, 1.835495, 
19, 1.018311, 
20, 0.534310, 
21, 0.280907, 
22, 0.159738, 
23, 0.102309, 
24, 0.072926, 
25, 0.056509, 
26, 0.046568, 
