Epoch Number, Total Squared Error, 
0, 5.187025, 
1, 4.637445, 
2, 4.667141, 
3, 4.590538, 
4, 4.642823, 
5, 4.612232, 
6, 4.500073, 
7, 4.505457, 
8, 4.529538, 
9, 4.553266, 
10, 4.536236, 
11, 4.500392, 
12, 4.484726, 
13, 4.465424, 
14, 4.407323, 
15, 4.259907, 
16, 3.960312, 
17, 3.403196, 
18, 2.502421, 
19, 1.479752, 
20, 0.766504, 
21, 0.395756, 
22, 0.213177, 
23, 0.125408, 
24, 0.082342, 
25, 0.059785, 
26, 0.047003, 
