Epoch Number, Total Squared Error, 
0, 4.758467, 
1, 4.685421, 
2, 4.669112, 
3, 4.552940, 
4, 4.499557, 
5, 4.508979, 
6, 4.531613, 
7, 4.496601, 
8, 4.404145, 
9, 4.299110, 
10, 4.158514, 
11, 3.936207, 
12, 3.642355, 
13, 3.377557, 
14, 3.150421, 
15, 2.830019, 
16, 2.211742, 
17, 1.353779, 
18, 0.690795, 
19, 0.342772, 
20, 0.192266, 
21, 0.123459, 
22, 0.087823, 
23, 0.067528, 
24, 0.055071, 
25, 0.046905, 
