Epoch Number, Total Squared Error, 
0, 4.680211, 
1, 4.653185, 
2, 4.606866, 
3, 4.531662, 
4, 4.465822, 
5, 4.395552, 
6, 4.277235, 
7, 4.082518, 
8, 3.827726, 
9, 3.563955, 
10, 3.308826, 
11, 3.039493, 
12, 2.700397, 
13, 2.234532, 
14, 1.688880, 
15, 1.135890, 
16, 0.635828, 
17, 0.337086, 
18, 0.192514, 
19, 0.121449, 
20, 0.083968, 
21, 0.062800, 
22, 0.050081, 
23, 0.041979, 
