Epoch Number, Total Squared Error, 
0, 4.716388, 
1, 4.674275, 
2, 4.701815, 
3, 4.598225, 
4, 4.514942, 
5, 4.511131, 
6, 4.534807, 
7, 4.547452, 
8, 4.518893, 
9, 4.489126, 
10, 4.462297, 
11, 4.411994, 
12, 4.301204, 
13, 4.107350, 
14, 3.839274, 
15, 3.526471, 
16, 3.197428, 
17, 2.809345, 
18, 2.239031, 
19, 1.524019, 
20, 0.879672, 
21, 0.453232, 
22, 0.248842, 
23, 0.154625, 
24, 0.106284, 
25, 0.079111, 
26, 0.062774, 
27, 0.052348, 
28, 0.045322, 
