Epoch Number, Total Squared Error, 
0, 4.766377, 
1, 4.608377, 
2, 4.551197, 
3, 4.525012, 
4, 4.536654, 
5, 4.524025, 
6, 4.494624, 
7, 4.487546, 
8, 4.494681, 
9, 4.502660, 
10, 4.488391, 
11, 4.441283, 
12, 4.354039, 
13, 4.203561, 
14, 3.959625, 
15, 3.617007, 
16, 3.210935, 
17, 2.744341, 
18, 2.201961, 
19, 1.589786, 
20, 1.032442, 
21, 0.627629, 
22, 0.352685, 
23, 0.210656, 
24, 0.138526, 
25, 0.099484, 
26, 0.076842, 
27, 0.062834, 
28, 0.053644, 
29, 0.047282, 
