Epoch Number, Total Squared Error, 
0, 5.039270, 
1, 4.608082, 
2, 4.621043, 
3, 4.577204, 
4, 4.666361, 
5, 4.648956, 
6, 4.556136, 
7, 4.552991, 
8, 4.580045, 
9, 4.613568, 
10, 4.600693, 
11, 4.566959, 
12, 4.542015, 
13, 4.503253, 
14, 4.414084, 
15, 4.242531, 
16, 3.988649, 
17, 3.676456, 
18, 3.350210, 
19, 3.036193, 
20, 2.683634, 
21, 2.175394, 
22, 1.456736, 
23, 0.831772, 
24, 0.534227, 
25, 0.345781, 
26, 0.192573, 
27, 0.114738, 
28, 0.078321, 
29, 0.059046, 
30, 0.047568, 
