Epoch Number, Total Squared Error, 
0, 4.708615, 
1, 4.634991, 
2, 4.573952, 
3, 4.542782, 
4, 4.532071, 
5, 4.529624, 
6, 4.534533, 
7, 4.546110, 
8, 4.559502, 
9, 4.568973, 
10, 4.573027, 
11, 4.573533, 
12, 4.570137, 
13, 4.557255, 
14, 4.523933, 
15, 4.452451, 
16, 4.313004, 
17, 4.061124, 
18, 3.655506, 
19, 3.085785, 
20, 2.359117, 
21, 1.576383, 
22, 0.890880, 
23, 0.482022, 
24, 0.252575, 
25, 0.139695, 
26, 0.087318, 
27, 0.061025, 
28, 0.046518, 
