Epoch Number, Total Squared Error, 
0, 4.895603, 
1, 4.770527, 
2, 4.793947, 
3, 4.587927, 
4, 4.481817, 
5, 4.511693, 
6, 4.548763, 
7, 4.569177, 
8, 4.534797, 
9, 4.515064, 
10, 4.520249, 
11, 4.517610, 
12, 4.485133, 
13, 4.406958, 
14, 4.278738, 
15, 4.081958, 
16, 3.794454, 
17, 3.412895, 
18, 2.939006, 
19, 2.324200, 
20, 1.566894, 
21, 0.909173, 
22, 0.488204, 
23, 0.258389, 
24, 0.149974, 
25, 0.097970, 
26, 0.070496, 
27, 0.054606, 
28, 0.044727, 
