Epoch Number, Total Squared Error, 
0, 4.612802, 
1, 4.570022, 
2, 4.555941, 
3, 4.555360, 
4, 4.548279, 
5, 4.520760, 
6, 4.482977, 
7, 4.433101, 
8, 4.347703, 
9, 4.196753, 
10, 3.971909, 
11, 3.702537, 
12, 3.427293, 
13, 3.154138, 
14, 2.843420, 
15, 2.425975, 
16, 1.867453, 
17, 1.232357, 
18, 0.687210, 
19, 0.371272, 
20, 0.219367, 
21, 0.143691, 
22, 0.101246, 
23, 0.075508, 
24, 0.059224, 
25, 0.048489, 
