Epoch Number, Total Squared Error, 
0, 4.842523, 
1, 4.758524, 
2, 4.777403, 
3, 4.577422, 
4, 4.473533, 
5, 4.490921, 
6, 4.527180, 
7, 4.542087, 
8, 4.510520, 
9, 4.494717, 
10, 4.498978, 
11, 4.496622, 
12, 4.463897, 
13, 4.385641, 
14, 4.254256, 
15, 4.048310, 
16, 3.748718, 
17, 3.349701, 
18, 2.833794, 
19, 2.141796, 
20, 1.373578, 
21, 0.792575, 
22, 0.428830, 
23, 0.236745, 
24, 0.146337, 
25, 0.101114, 
26, 0.076048, 
27, 0.060968, 
28, 0.051301, 
29, 0.044765, 
