Epoch Number, Total Squared Error, 
0, 5.053352, 
1, 4.557972, 
2, 4.591360, 
3, 4.542788, 
4, 4.599871, 
5, 4.600103, 
6, 4.504872, 
7, 4.495468, 
8, 4.508686, 
9, 4.516492, 
10, 4.473248, 
11, 4.370026, 
12, 4.223609, 
13, 4.008662, 
14, 3.718735, 
15, 3.377217, 
16, 3.006646, 
17, 2.542331, 
18, 1.913503, 
19, 1.272939, 
20, 0.814389, 
21, 0.490371, 
22, 0.291374, 
23, 0.181177, 
24, 0.121235, 
25, 0.087420, 
26, 0.067251, 
27, 0.054528, 
28, 0.046081, 
