Epoch Number, Total Squared Error, 
0, 4.788811, 
1, 4.747665, 
2, 4.687331, 
3, 4.554034, 
4, 4.501364, 
5, 4.512796, 
6, 4.535040, 
7, 4.529466, 
8, 4.505943, 
9, 4.492014, 
10, 4.471786, 
11, 4.408821, 
12, 4.255514, 
13, 3.943710, 
14, 3.351423, 
15, 2.394790, 
16, 1.361284, 
17, 0.689278, 
18, 0.355655, 
19, 0.196766, 
20, 0.120202, 
21, 0.081592, 
22, 0.060730, 
23, 0.048591, 
