Epoch Number, Total Squared Error, 
0, 4.752978, 
1, 4.543033, 
2, 4.534354, 
3, 4.532535, 
4, 4.558186, 
5, 4.539384, 
6, 4.491960, 
7, 4.488277, 
8, 4.504981, 
9, 4.521221, 
10, 4.517473, 
11, 4.498731, 
12, 4.481310, 
13, 4.457213, 
14, 4.403062, 
15, 4.288320, 
16, 4.085599, 
17, 3.776175, 
18, 3.342825, 
19, 2.748280, 
20, 1.953382, 
21, 1.178841, 
22, 0.663874, 
23, 0.350674, 
24, 0.189371, 
25, 0.114899, 
26, 0.078556, 
27, 0.058863, 
28, 0.047188, 
