Epoch Number, Total Squared Error, 
0, 4.733044, 
1, 4.681149, 
2, 4.647030, 
3, 4.594360, 
4, 4.548051, 
5, 4.539596, 
6, 4.558238, 
7, 4.579874, 
8, 4.586721, 
9, 4.588142, 
10, 4.594762, 
11, 4.604848, 
12, 4.610298, 
13, 4.607155, 
14, 4.596691, 
15, 4.574274, 
16, 4.522676, 
17, 4.412621, 
18, 4.207969, 
19, 3.877958, 
20, 3.406651, 
21, 2.755457, 
22, 1.866447, 
23, 1.031195, 
24, 0.552211, 
25, 0.293951, 
26, 0.162345, 
27, 0.099910, 
28, 0.069140, 
29, 0.052607, 
30, 0.042919, 
