Epoch Number, Total Squared Error, 
0, 5.039900, 
1, 4.673034, 
2, 4.631749, 
3, 4.536847, 
4, 4.627225, 
5, 4.654104, 
6, 4.547963, 
7, 4.471190, 
8, 4.405477, 
9, 4.327818, 
10, 4.114312, 
11, 3.800724, 
12, 3.515554, 
13, 3.313960, 
14, 3.167802, 
15, 3.016142, 
16, 2.823681, 
17, 2.563636, 
18, 2.202624, 
19, 1.738180, 
20, 1.247386, 
21, 0.824633, 
22, 0.524094, 
23, 0.336860, 
24, 0.224955, 
25, 0.157353, 
26, 0.115301, 
27, 0.088330, 
28, 0.070495, 
29, 0.058309, 
30, 0.049693, 
