Epoch Number, Total Squared Error, 
0, 4.654758, 
1, 4.617617, 
2, 4.581894, 
3, 4.547666, 
4, 4.515274, 
5, 4.483795, 
6, 4.441545, 
7, 4.363676, 
8, 4.213821, 
9, 3.953710, 
10, 3.566791, 
11, 3.061387, 
12, 2.420163, 
13, 1.662242, 
14, 0.953628, 
15, 0.514553, 
16, 0.287210, 
17, 0.168460, 
18, 0.108689, 
19, 0.077617, 
20, 0.060155, 
21, 0.049551, 
