Epoch Number, Total Squared Error, 
0, 4.644588, 
1, 4.653544, 
2, 4.684537, 
3, 4.633323, 
4, 4.581207, 
5, 4.560475, 
6, 4.525199, 
7, 4.418012, 
8, 4.223481, 
9, 3.974047, 
10, 3.697054, 
11, 3.434046, 
12, 3.209266, 
13, 2.991308, 
14, 2.711261, 
15, 2.308398, 
16, 1.780519, 
17, 1.265593, 
18, 0.896080, 
19, 0.637752, 
20, 0.433705, 
21, 0.292162, 
22, 0.202609, 
23, 0.145476, 
24, 0.108215, 
25, 0.083578, 
26, 0.066934, 
27, 0.055352, 
28, 0.047030, 
