Epoch Number, Total Squared Error, 
0, 4.715094, 
1, 4.633206, 
2, 4.576246, 
3, 4.550813, 
4, 4.544487, 
5, 4.535560, 
6, 4.534035, 
7, 4.545845, 
8, 4.561848, 
9, 4.569978, 
10, 4.564714, 
11, 4.548330, 
12, 4.517965, 
13, 4.457605, 
14, 4.334693, 
15, 4.093097, 
16, 3.638066, 
17, 2.853679, 
18, 1.803029, 
19, 0.923396, 
20, 0.449900, 
21, 0.234631, 
22, 0.136688, 
23, 0.089311, 
24, 0.064512, 
25, 0.050467, 
26, 0.041922, 
