Epoch Number, Total Squared Error, 
0, 4.723585, 
1, 4.607327, 
2, 4.591768, 
3, 4.605659, 
4, 4.622888, 
5, 4.583369, 
6, 4.545763, 
7, 4.529569, 
8, 4.483644, 
9, 4.354186, 
10, 4.107704, 
11, 3.727277, 
12, 3.185416, 
13, 2.451263, 
14, 1.577542, 
15, 0.886460, 
16, 0.491233, 
17, 0.268223, 
18, 0.154809, 
19, 0.099787, 
20, 0.071304, 
21, 0.055234, 
22, 0.045424, 
