Epoch Number, Total Squared Error, 
0, 4.877028, 
1, 4.654430, 
2, 4.604615, 
3, 4.596831, 
4, 4.597555, 
5, 4.536693, 
6, 4.486167, 
7, 4.488310, 
8, 4.493326, 
9, 4.454741, 
10, 4.351198, 
11, 4.195306, 
12, 3.986765, 
13, 3.724756, 
14, 3.437748, 
15, 3.171100, 
16, 2.889389, 
17, 2.430267, 
18, 1.731934, 
19, 1.050910, 
20, 0.588374, 
21, 0.340744, 
22, 0.207206, 
23, 0.133017, 
24, 0.090929, 
25, 0.066390, 
26, 0.051510, 
27, 0.042051, 
