Epoch Number, Total Squared Error, 
0, 4.684740, 
1, 4.643686, 
2, 4.614368, 
3, 4.588195, 
4, 4.561625, 
5, 4.544130, 
6, 4.531749, 
7, 4.507546, 
8, 4.450883, 
9, 4.345603, 
10, 4.177299, 
11, 3.943775, 
12, 3.684198, 
13, 3.460747, 
14, 3.289759, 
15, 3.136476, 
16, 2.950912, 
17, 2.691660, 
18, 2.353556, 
19, 1.938651, 
20, 1.385108, 
21, 0.871364, 
22, 0.542453, 
23, 0.345320, 
24, 0.227582, 
25, 0.156340, 
26, 0.112462, 
27, 0.084540, 
28, 0.066143, 
29, 0.053678, 
30, 0.045006, 
