Epoch Number, Total Squared Error, 
0, 4.893633, 
1, 4.759250, 
2, 4.838795, 
3, 4.623445, 
4, 4.496673, 
5, 4.514233, 
6, 4.580184, 
7, 4.620207, 
8, 4.587488, 
9, 4.566404, 
10, 4.565069, 
11, 4.554766, 
12, 4.483783, 
13, 4.318757, 
14, 4.029250, 
15, 3.549959, 
16, 2.800729, 
17, 1.807734, 
18, 0.955318, 
19, 0.487427, 
20, 0.258527, 
21, 0.148398, 
22, 0.094695, 
23, 0.067007, 
24, 0.051669, 
25, 0.042526, 
