Epoch Number, Total Squared Error, 
0, 4.649860, 
1, 4.613533, 
2, 4.610022, 
3, 4.545109, 
4, 4.495149, 
5, 4.492769, 
6, 4.505083, 
7, 4.516326, 
8, 4.500726, 
9, 4.473313, 
10, 4.444180, 
11, 4.393015, 
12, 4.289390, 
13, 4.108858, 
14, 3.856568, 
15, 3.562701, 
16, 3.246695, 
17, 2.868214, 
18, 2.317951, 
19, 1.618178, 
20, 1.051134, 
21, 0.618966, 
22, 0.342104, 
23, 0.203192, 
24, 0.133009, 
25, 0.095114, 
26, 0.073156, 
27, 0.059565, 
28, 0.050650, 
29, 0.044495, 
