Epoch Number, Total Squared Error, 
0, 4.730521, 
1, 4.683879, 
2, 4.696519, 
3, 4.585330, 
4, 4.510943, 
5, 4.520557, 
6, 4.548026, 
7, 4.561402, 
8, 4.538945, 
9, 4.526070, 
10, 4.534225, 
11, 4.542336, 
12, 4.530786, 
13, 4.492791, 
14, 4.428805, 
15, 4.314018, 
16, 4.099695, 
17, 3.736536, 
18, 3.191210, 
19, 2.430406, 
20, 1.530994, 
21, 0.831107, 
22, 0.429525, 
23, 0.230129, 
24, 0.135893, 
25, 0.090208, 
26, 0.066320, 
27, 0.052675, 
28, 0.044239, 
