Epoch Number, Total Squared Error, 
0, 4.856607, 
1, 4.602968, 
2, 4.610671, 
3, 4.605998, 
4, 4.638187, 
5, 4.588364, 
6, 4.526733, 
7, 4.534103, 
8, 4.555729, 
9, 4.561280, 
10, 4.535019, 
11, 4.510786, 
12, 4.502649, 
13, 4.489127, 
14, 4.442071, 
15, 4.331565, 
16, 4.111722, 
17, 3.684906, 
18, 2.914679, 
19, 1.837994, 
20, 0.923434, 
21, 0.439179, 
22, 0.225252, 
23, 0.130194, 
24, 0.084876, 
25, 0.061316, 
26, 0.048007, 
