Epoch Number, Total Squared Error, 
0, 4.750564, 
1, 4.705834, 
2, 4.751413, 
3, 4.586661, 
4, 4.490174, 
5, 4.504007, 
6, 4.525236, 
7, 4.519996, 
8, 4.452582, 
9, 4.370329, 
10, 4.251998, 
11, 4.027014, 
12, 3.620806, 
13, 2.992632, 
14, 2.174811, 
15, 1.328239, 
16, 0.725413, 
17, 0.383402, 
18, 0.211974, 
19, 0.130404, 
20, 0.089788, 
21, 0.067756, 
22, 0.054748, 
23, 0.046490, 
