Epoch Number, Total Squared Error, 
0, 4.711841, 
1, 4.708656, 
2, 4.684729, 
3, 4.575761, 
4, 4.527939, 
5, 4.539852, 
6, 4.555690, 
7, 4.554119, 
8, 4.532969, 
9, 4.522325, 
10, 4.525294, 
11, 4.524351, 
12, 4.503555, 
13, 4.451385, 
14, 4.355626, 
15, 4.190082, 
16, 3.919397, 
17, 3.513059, 
18, 2.955771, 
19, 2.246306, 
20, 1.481280, 
21, 0.874150, 
22, 0.478612, 
23, 0.263267, 
24, 0.158605, 
25, 0.106122, 
26, 0.077542, 
27, 0.060737, 
28, 0.050204, 
29, 0.043228, 
