Epoch Number, Total Squared Error, 
0, 4.721009, 
1, 4.654128, 
2, 4.702462, 
3, 4.580315, 
4, 4.483504, 
5, 4.489047, 
6, 4.511418, 
7, 4.531627, 
8, 4.493672, 
9, 4.436421, 
10, 4.368206, 
11, 4.236211, 
12, 3.958135, 
13, 3.443627, 
14, 2.662891, 
15, 1.709782, 
16, 0.919560, 
17, 0.467221, 
18, 0.247022, 
19, 0.144510, 
20, 0.094951, 
21, 0.069065, 
22, 0.054374, 
23, 0.045382, 
