Epoch Number, Total Squared Error, 
0, 4.789255, 
1, 4.755518, 
2, 4.760876, 
3, 4.601396, 
4, 4.527924, 
5, 4.557341, 
6, 4.564253, 
7, 4.514366, 
8, 4.393998, 
9, 4.245199, 
10, 4.048525, 
11, 3.779933, 
12, 3.453692, 
13, 3.100227, 
14, 2.723487, 
15, 2.264991, 
16, 1.662334, 
17, 1.017474, 
18, 0.556674, 
19, 0.301793, 
20, 0.178812, 
21, 0.117998, 
22, 0.085462, 
23, 0.066513, 
24, 0.054591, 
25, 0.046611, 
