Epoch Number, Total Squared Error, 
0, 4.670492, 
1, 4.559737, 
2, 4.533105, 
3, 4.528727, 
4, 4.548666, 
5, 4.537067, 
6, 4.505192, 
7, 4.488951, 
8, 4.479837, 
9, 4.454854, 
10, 4.382003, 
11, 4.246850, 
12, 4.034664, 
13, 3.726465, 
14, 3.331552, 
15, 2.856452, 
16, 2.211844, 
17, 1.396411, 
18, 0.726462, 
19, 0.362605, 
20, 0.196750, 
21, 0.121518, 
22, 0.084487, 
23, 0.064255, 
24, 0.052167, 
25, 0.044418, 
