Epoch Number, Total Squared Error, 
0, 4.863441, 
1, 4.803216, 
2, 4.710490, 
3, 4.566057, 
4, 4.508990, 
5, 4.517878, 
6, 4.536205, 
7, 4.527732, 
8, 4.499226, 
9, 4.471539, 
10, 4.422968, 
11, 4.303013, 
12, 4.042495, 
13, 3.560239, 
14, 2.786649, 
15, 1.818714, 
16, 0.998883, 
17, 0.501811, 
18, 0.259591, 
19, 0.149575, 
20, 0.097254, 
21, 0.070135, 
22, 0.054807, 
23, 0.045460, 
