Epoch Number, Total Squared Error, 
0, 4.946057, 
1, 4.656473, 
2, 4.778344, 
3, 4.657249, 
4, 4.477184, 
5, 4.462077, 
6, 4.478816, 
7, 4.549455, 
8, 4.546572, 
9, 4.488558, 
10, 4.420446, 
11, 4.329864, 
12, 4.180095, 
13, 3.915728, 
14, 3.590629, 
15, 3.284420, 
16, 3.005516, 
17, 2.697949, 
18, 2.270273, 
19, 1.701559, 
20, 1.145653, 
21, 0.701210, 
22, 0.399600, 
23, 0.232731, 
24, 0.147789, 
25, 0.103365, 
26, 0.078424, 
27, 0.063328, 
28, 0.053550, 
29, 0.046837, 
