Epoch Number, Total Squared Error, 
0, 4.880512, 
1, 4.652427, 
2, 4.599679, 
3, 4.544472, 
4, 4.584424, 
5, 4.580780, 
6, 4.511299, 
7, 4.459223, 
8, 4.403610, 
9, 4.313727, 
10, 4.109148, 
11, 3.783783, 
12, 3.404724, 
13, 3.004096, 
14, 2.534285, 
15, 1.928126, 
16, 1.266362, 
17, 0.798999, 
18, 0.462360, 
19, 0.257378, 
20, 0.155658, 
21, 0.104604, 
22, 0.076802, 
23, 0.060393, 
24, 0.050037, 
25, 0.043121, 
