Epoch Number, Total Squared Error, 
0, 4.920302, 
1, 4.656504, 
2, 4.616613, 
3, 4.580261, 
4, 4.599027, 
5, 4.550769, 
6, 4.491474, 
7, 4.476834, 
8, 4.434486, 
9, 4.311284, 
10, 4.088811, 
11, 3.807406, 
12, 3.504188, 
13, 3.188453, 
14, 2.828543, 
15, 2.351542, 
16, 1.760990, 
17, 1.232359, 
18, 0.801830, 
19, 0.500225, 
20, 0.316410, 
21, 0.207052, 
22, 0.142779, 
23, 0.104392, 
24, 0.080574, 
25, 0.065096, 
26, 0.054576, 
27, 0.047118, 
