Epoch Number, Total Squared Error, 
0, 5.234861, 
1, 4.617912, 
2, 4.601684, 
3, 4.511143, 
4, 4.580969, 
5, 4.645205, 
6, 4.543001, 
7, 4.511408, 
8, 4.519583, 
9, 4.558939, 
10, 4.576628, 
11, 4.535316, 
12, 4.477566, 
13, 4.395350, 
14, 4.232621, 
15, 3.874324, 
16, 3.213917, 
17, 2.265691, 
18, 1.289723, 
19, 0.637393, 
20, 0.318738, 
21, 0.173964, 
22, 0.105728, 
23, 0.071601, 
24, 0.053245, 
25, 0.042590, 
