Epoch Number, Total Squared Error, 
0, 4.638931, 
1, 4.617117, 
2, 4.599792, 
3, 4.561955, 
4, 4.522791, 
5, 4.504584, 
6, 4.491181, 
7, 4.450930, 
8, 4.354463, 
9, 4.183144, 
10, 3.914136, 
11, 3.535298, 
12, 3.052920, 
13, 2.416584, 
14, 1.601996, 
15, 0.884660, 
16, 0.444380, 
17, 0.234315, 
18, 0.140221, 
19, 0.094815, 
20, 0.070443, 
21, 0.056145, 
22, 0.047145, 
