Epoch Number, Total Squared Error, 
0, 4.749714, 
1, 4.645781, 
2, 4.669072, 
3, 4.602337, 
4, 4.530090, 
5, 4.518516, 
6, 4.542911, 
7, 4.585564, 
8, 4.589209, 
9, 4.576366, 
10, 4.574475, 
11, 4.586312, 
12, 4.592772, 
13, 4.569824, 
14, 4.516204, 
15, 4.433165, 
16, 4.303786, 
17, 4.099849, 
18, 3.825841, 
19, 3.523091, 
20, 3.199135, 
21, 2.804268, 
22, 2.236654, 
23, 1.431710, 
24, 0.753682, 
25, 0.381494, 
26, 0.199891, 
27, 0.116546, 
28, 0.076528, 
29, 0.055600, 
30, 0.043660, 
