Epoch Number, Total Squared Error, 
0, 4.751060, 
1, 4.670561, 
2, 4.639775, 
3, 4.639403, 
4, 4.639335, 
5, 4.621754, 
6, 4.609270, 
7, 4.613300, 
8, 4.622425, 
9, 4.624016, 
10, 4.618405, 
11, 4.611602, 
12, 4.599306, 
13, 4.567462, 
14, 4.496142, 
15, 4.357525, 
16, 4.114652, 
17, 3.743095, 
18, 3.255143, 
19, 2.647944, 
20, 1.954705, 
21, 1.301733, 
22, 0.785426, 
23, 0.434282, 
24, 0.225610, 
25, 0.129997, 
26, 0.084932, 
27, 0.061351, 
28, 0.047866, 
