Epoch Number, Total Squared Error, 
0, 4.634881, 
1, 4.593089, 
2, 4.576157, 
3, 4.573951, 
4, 4.571643, 
5, 4.561872, 
6, 4.552815, 
7, 4.552432, 
8, 4.557324, 
9, 4.560521, 
10, 4.559052, 
11, 4.554439, 
12, 4.546139, 
13, 4.527820, 
14, 4.488293, 
15, 4.411457, 
16, 4.273896, 
17, 4.046912, 
18, 3.715617, 
19, 3.295993, 
20, 2.772650, 
21, 2.037590, 
22, 1.217034, 
23, 0.640847, 
24, 0.318702, 
25, 0.171852, 
26, 0.106344, 
27, 0.074072, 
28, 0.056307, 
29, 0.045644, 
