Epoch Number, Total Squared Error, 
0, 4.884920, 
1, 4.612409, 
2, 4.577839, 
3, 4.546668, 
4, 4.566089, 
5, 4.542501, 
6, 4.499704, 
7, 4.509471, 
8, 4.534139, 
9, 4.551886, 
10, 4.543308, 
11, 4.518917, 
12, 4.494346, 
13, 4.456800, 
14, 4.380262, 
15, 4.233937, 
16, 3.992698, 
17, 3.639884, 
18, 3.162007, 
19, 2.531872, 
20, 1.754176, 
21, 1.057442, 
22, 0.619281, 
23, 0.358516, 
24, 0.216581, 
25, 0.142401, 
26, 0.101696, 
27, 0.077968, 
28, 0.063261, 
29, 0.053601, 
30, 0.046922, 
