Epoch Number, Total Squared Error, 
0, 4.993796, 
1, 4.535846, 
2, 4.593236, 
3, 4.581112, 
4, 4.636323, 
5, 4.607086, 
6, 4.506418, 
7, 4.504137, 
8, 4.524170, 
9, 4.535439, 
10, 4.516577, 
11, 4.470066, 
12, 4.420882, 
13, 4.344871, 
14, 4.205586, 
15, 3.978699, 
16, 3.665000, 
17, 3.282214, 
18, 2.802398, 
19, 2.173466, 
20, 1.478497, 
21, 0.906652, 
22, 0.499622, 
23, 0.267268, 
24, 0.154578, 
25, 0.099785, 
26, 0.071093, 
27, 0.054793, 
28, 0.044841, 
