Epoch Number, Total Squared Error, 
0, 4.747285, 
1, 4.641004, 
2, 4.714000, 
3, 4.605785, 
4, 4.484400, 
5, 4.469125, 
6, 4.488301, 
7, 4.485105, 
8, 4.352903, 
9, 4.117965, 
10, 3.805900, 
11, 3.450218, 
12, 3.057475, 
13, 2.613176, 
14, 2.102237, 
15, 1.487110, 
16, 0.957954, 
17, 0.640795, 
18, 0.388824, 
19, 0.236577, 
20, 0.156497, 
21, 0.112884, 
22, 0.087135, 
23, 0.070903, 
24, 0.060097, 
25, 0.052533, 
26, 0.046993, 
