Epoch Number, Total Squared Error, 
0, 4.750597, 
1, 4.638570, 
2, 4.606723, 
3, 4.613565, 
4, 4.623075, 
5, 4.567570, 
6, 4.485473, 
7, 4.388224, 
8, 4.236585, 
9, 3.980765, 
10, 3.646177, 
11, 3.318447, 
12, 3.019541, 
13, 2.707530, 
14, 2.289134, 
15, 1.700221, 
16, 1.104620, 
17, 0.705413, 
18, 0.411573, 
19, 0.220290, 
20, 0.124123, 
21, 0.078877, 
22, 0.055938, 
23, 0.043055, 
