Epoch Number, Total Squared Error, 
0, 4.652285, 
1, 4.621607, 
2, 4.629374, 
3, 4.543673, 
4, 4.444135, 
5, 4.373039, 
6, 4.271778, 
7, 4.066370, 
8, 3.720743, 
9, 3.318689, 
10, 2.934141, 
11, 2.551267, 
12, 2.044048, 
13, 1.347661, 
14, 0.778284, 
15, 0.521810, 
16, 0.344633, 
17, 0.209598, 
18, 0.134818, 
19, 0.096487, 
20, 0.075260, 
21, 0.062166, 
22, 0.053339, 
23, 0.047011, 
