Epoch Number, Total Squared Error, 
0, 4.899713, 
1, 4.746100, 
2, 4.815525, 
3, 4.574789, 
4, 4.450593, 
5, 4.492586, 
6, 4.497660, 
7, 4.443711, 
8, 4.275169, 
9, 4.081021, 
10, 3.828419, 
11, 3.466530, 
12, 2.998251, 
13, 2.413017, 
14, 1.731358, 
15, 1.114383, 
16, 0.637335, 
17, 0.337717, 
18, 0.191663, 
19, 0.118451, 
20, 0.079715, 
21, 0.058183, 
22, 0.045515, 
