Epoch Number, Total Squared Error, 
0, 4.767862, 
1, 4.591725, 
2, 4.553443, 
3, 4.518730, 
4, 4.536020, 
5, 4.532961, 
6, 4.480726, 
7, 4.435665, 
8, 4.382723, 
9, 4.290792, 
10, 4.095309, 
11, 3.765870, 
12, 3.345294, 
13, 2.861158, 
14, 2.283752, 
15, 1.604913, 
16, 0.973920, 
17, 0.576970, 
18, 0.322413, 
19, 0.188997, 
20, 0.122920, 
21, 0.087799, 
22, 0.067614, 
23, 0.055179, 
24, 0.047046, 
