Epoch Number, Total Squared Error, 
0, 4.622158, 
1, 4.648871, 
2, 4.640983, 
3, 4.582657, 
4, 4.540968, 
5, 4.502017, 
6, 4.416987, 
7, 4.262518, 
8, 4.049525, 
9, 3.807754, 
10, 3.554815, 
11, 3.301487, 
12, 3.034960, 
13, 2.703775, 
14, 2.244416, 
15, 1.689293, 
16, 1.155813, 
17, 0.721361, 
18, 0.428177, 
19, 0.262979, 
20, 0.172727, 
21, 0.121599, 
22, 0.091345, 
23, 0.072596, 
24, 0.060391, 
25, 0.052042, 
26, 0.046056, 
