Epoch Number, Total Squared Error, 
0, 4.767013, 
1, 4.569957, 
2, 4.557687, 
3, 4.564461, 
4, 4.602607, 
5, 4.574819, 
6, 4.529785, 
7, 4.532259, 
8, 4.548080, 
9, 4.542711, 
10, 4.487210, 
11, 4.387317, 
12, 4.228693, 
13, 3.967272, 
14, 3.567351, 
15, 3.009112, 
16, 2.238512, 
17, 1.367814, 
18, 0.748668, 
19, 0.394401, 
20, 0.211181, 
21, 0.125641, 
22, 0.084608, 
23, 0.062895, 
24, 0.050261, 
25, 0.042331, 
