Epoch Number, Total Squared Error, 
0, 4.890639, 
1, 4.530947, 
2, 4.564416, 
3, 4.556769, 
4, 4.586119, 
5, 4.564571, 
6, 4.490855, 
7, 4.489675, 
8, 4.513052, 
9, 4.532701, 
10, 4.528924, 
11, 4.502749, 
12, 4.477733, 
13, 4.446580, 
14, 4.384989, 
15, 4.264322, 
16, 4.060498, 
17, 3.768150, 
18, 3.389142, 
19, 2.897402, 
20, 2.217826, 
21, 1.413747, 
22, 0.792733, 
23, 0.429147, 
24, 0.236017, 
25, 0.143157, 
26, 0.097748, 
27, 0.073267, 
28, 0.058761, 
29, 0.049520, 
