Epoch Number, Total Squared Error, 
0, 4.829292, 
1, 4.633219, 
2, 4.602828, 
3, 4.607135, 
4, 4.636365, 
5, 4.596323, 
6, 4.552402, 
7, 4.559628, 
8, 4.578543, 
9, 4.575284, 
10, 4.535015, 
11, 4.476203, 
12, 4.387842, 
13, 4.228709, 
14, 3.969764, 
15, 3.623035, 
16, 3.211256, 
17, 2.679022, 
18, 1.967722, 
19, 1.264832, 
20, 0.723040, 
21, 0.379957, 
22, 0.209824, 
23, 0.131329, 
24, 0.091665, 
25, 0.069388, 
26, 0.055865, 
27, 0.047144, 
