Epoch Number, Total Squared Error, 
0, 4.802946, 
1, 4.682570, 
2, 4.735979, 
3, 4.559762, 
4, 4.446626, 
5, 4.454585, 
6, 4.456463, 
7, 4.420369, 
8, 4.252879, 
9, 3.965963, 
10, 3.492160, 
11, 2.714912, 
12, 1.699771, 
13, 0.904263, 
14, 0.453207, 
15, 0.239538, 
16, 0.141731, 
17, 0.094208, 
18, 0.069150, 
19, 0.054807, 
20, 0.045962, 
