Epoch Number, Total Squared Error, 
0, 4.786336, 
1, 4.571085, 
2, 4.570031, 
3, 4.559733, 
4, 4.571879, 
5, 4.513655, 
6, 4.421018, 
7, 4.346640, 
8, 4.215166, 
9, 3.985629, 
10, 3.668387, 
11, 3.335450, 
12, 2.969010, 
13, 2.481246, 
14, 1.866253, 
15, 1.300311, 
16, 0.837681, 
17, 0.499961, 
18, 0.312382, 
19, 0.206600, 
20, 0.143667, 
21, 0.105290, 
22, 0.081269, 
23, 0.065694, 
24, 0.055168, 
25, 0.047739, 
