Epoch Number, Total Squared Error, 
0, 4.906682, 
1, 4.534247, 
2, 4.562924, 
3, 4.560904, 
4, 4.590460, 
5, 4.506798, 
6, 4.358481, 
7, 4.283916, 
8, 4.205445, 
9, 4.062584, 
10, 3.793941, 
11, 3.500484, 
12, 3.265991, 
13, 3.015140, 
14, 2.596198, 
15, 1.940956, 
16, 1.192260, 
17, 0.636491, 
18, 0.353136, 
19, 0.214962, 
20, 0.142317, 
21, 0.101149, 
22, 0.076575, 
23, 0.061286, 
24, 0.051353, 
25, 0.044589, 
