Epoch Number, Total Squared Error, 
0, 4.697922, 
1, 4.580051, 
2, 4.560230, 
3, 4.566714, 
4, 4.550048, 
5, 4.479977, 
6, 4.391438, 
7, 4.307029, 
8, 4.184994, 
9, 3.972320, 
10, 3.663470, 
11, 3.327316, 
12, 2.972748, 
13, 2.468182, 
14, 1.708606, 
15, 0.993225, 
16, 0.557158, 
17, 0.313925, 
18, 0.188876, 
19, 0.126123, 
20, 0.092698, 
21, 0.073096, 
22, 0.060559, 
23, 0.052002, 
24, 0.045873, 
