Epoch Number, Total Squared Error, 
0, 4.599612, 
1, 4.590329, 
2, 4.589984, 
3, 4.558436, 
4, 4.531493, 
5, 4.528941, 
6, 4.531554, 
7, 4.515569, 
8, 4.469020, 
9, 4.394445, 
10, 4.276929, 
11, 4.085105, 
12, 3.803525, 
13, 3.460996, 
14, 3.070683, 
15, 2.546450, 
16, 1.787161, 
17, 1.016688, 
18, 0.504555, 
19, 0.255441, 
20, 0.147043, 
21, 0.096983, 
22, 0.070843, 
23, 0.055709, 
24, 0.046283, 
