Epoch Number, Total Squared Error, 
0, 4.750067, 
1, 4.616823, 
2, 4.703982, 
3, 4.594467, 
4, 4.477848, 
5, 4.476803, 
6, 4.496337, 
7, 4.539141, 
8, 4.534185, 
9, 4.512423, 
10, 4.506362, 
11, 4.506513, 
12, 4.494277, 
13, 4.433397, 
14, 4.301563, 
15, 4.076839, 
16, 3.724150, 
17, 3.210748, 
18, 2.509370, 
19, 1.681879, 
20, 0.947280, 
21, 0.496868, 
22, 0.268369, 
23, 0.151549, 
24, 0.095268, 
25, 0.066859, 
26, 0.051128, 
27, 0.041684, 
