Epoch Number, Total Squared Error, 
0, 4.847043, 
1, 4.558862, 
2, 4.574007, 
3, 4.582434, 
4, 4.608356, 
5, 4.559459, 
6, 4.474040, 
7, 4.462181, 
8, 4.469183, 
9, 4.451335, 
10, 4.362692, 
11, 4.196603, 
12, 3.926895, 
13, 3.449577, 
14, 2.609048, 
15, 1.524087, 
16, 0.727096, 
17, 0.345184, 
18, 0.183373, 
19, 0.111240, 
20, 0.075839, 
21, 0.056744, 
22, 0.045564, 
