Epoch Number, Total Squared Error, 
0, 5.065102, 
1, 4.725207, 
2, 4.816457, 
3, 4.652473, 
4, 4.473972, 
5, 4.472290, 
6, 4.507038, 
7, 4.556190, 
8, 4.461903, 
9, 4.263557, 
10, 3.969093, 
11, 3.523194, 
12, 2.844918, 
13, 1.960343, 
14, 1.141825, 
15, 0.631127, 
16, 0.355192, 
17, 0.203234, 
18, 0.122003, 
19, 0.081429, 
20, 0.060214, 
21, 0.048041, 
