Epoch Number, Total Squared Error, 
0, 4.705028, 
1, 4.659251, 
2, 4.706865, 
3, 4.596689, 
4, 4.510261, 
5, 4.511559, 
6, 4.535151, 
7, 4.555465, 
8, 4.527254, 
9, 4.481406, 
10, 4.422593, 
11, 4.317443, 
12, 4.119705, 
13, 3.802037, 
14, 3.406111, 
15, 2.996853, 
16, 2.574173, 
17, 2.031671, 
18, 1.306814, 
19, 0.732214, 
20, 0.504624, 
21, 0.325178, 
22, 0.185420, 
23, 0.115358, 
24, 0.081827, 
25, 0.063488, 
26, 0.052042, 
27, 0.044276, 
