Epoch Number, Total Squared Error, 
0, 4.850638, 
1, 4.612623, 
2, 4.553162, 
3, 4.518663, 
4, 4.555720, 
5, 4.553922, 
6, 4.520437, 
7, 4.520106, 
8, 4.537141, 
9, 4.548386, 
10, 4.513563, 
11, 4.418137, 
12, 4.255970, 
13, 4.004327, 
14, 3.657573, 
15, 3.249517, 
16, 2.804780, 
17, 2.302894, 
18, 1.718177, 
19, 1.100357, 
20, 0.718627, 
21, 0.440595, 
22, 0.265618, 
23, 0.169003, 
24, 0.116829, 
25, 0.087268, 
26, 0.069408, 
27, 0.057952, 
28, 0.050169, 
29, 0.044597, 
