Epoch Number, Total Squared Error, 
0, 4.685955, 
1, 4.594320, 
2, 4.535781, 
3, 4.504292, 
4, 4.495685, 
5, 4.479221, 
6, 4.456596, 
7, 4.431760, 
8, 4.385035, 
9, 4.283505, 
10, 4.087312, 
11, 3.786687, 
12, 3.423636, 
13, 3.032930, 
14, 2.586731, 
15, 2.044672, 
16, 1.386013, 
17, 0.831220, 
18, 0.471817, 
19, 0.262844, 
20, 0.160595, 
21, 0.109385, 
22, 0.081306, 
23, 0.064593, 
24, 0.053952, 
25, 0.046781, 
