Epoch Number, Total Squared Error, 
0, 4.623325, 
1, 4.623532, 
2, 4.637252, 
3, 4.632217, 
4, 4.612299, 
5, 4.606320, 
6, 4.614956, 
7, 4.619945, 
8, 4.605277, 
9, 4.570583, 
10, 4.510361, 
11, 4.398863, 
12, 4.196185, 
13, 3.869912, 
14, 3.410557, 
15, 2.796931, 
16, 1.951892, 
17, 1.076105, 
18, 0.555521, 
19, 0.290492, 
20, 0.161483, 
21, 0.100678, 
22, 0.070509, 
23, 0.054111, 
24, 0.044367, 
