Epoch Number, Total Squared Error, 
0, 4.695861, 
1, 4.647668, 
2, 4.727965, 
3, 4.626073, 
4, 4.546174, 
5, 4.544523, 
6, 4.561376, 
7, 4.555796, 
8, 4.470636, 
9, 4.345492, 
10, 4.161408, 
11, 3.885691, 
12, 3.524388, 
13, 3.141854, 
14, 2.773017, 
15, 2.352196, 
16, 1.760669, 
17, 1.067916, 
18, 0.641924, 
19, 0.454543, 
20, 0.293738, 
21, 0.180774, 
22, 0.121551, 
23, 0.090659, 
24, 0.072678, 
25, 0.061040, 
26, 0.052945, 
27, 0.047054, 
