Epoch Number, Total Squared Error, 
0, 4.675921, 
1, 4.613157, 
2, 4.570661, 
3, 4.562366, 
4, 4.569211, 
5, 4.567923, 
6, 4.568560, 
7, 4.576528, 
8, 4.580903, 
9, 4.558171, 
10, 4.487507, 
11, 4.355871, 
12, 4.151652, 
13, 3.883100, 
14, 3.602596, 
15, 3.364283, 
16, 3.176923, 
17, 3.017897, 
18, 2.822566, 
19, 2.506012, 
20, 2.030862, 
21, 1.437420, 
22, 0.867571, 
23, 0.480987, 
24, 0.268763, 
25, 0.162867, 
26, 0.108540, 
27, 0.078602, 
28, 0.060911, 
29, 0.049799, 
