Epoch Number, Total Squared Error, 
0, 4.834014, 
1, 4.812812, 
2, 4.775886, 
3, 4.581338, 
4, 4.519538, 
5, 4.539499, 
6, 4.553208, 
7, 4.503834, 
8, 4.408084, 
9, 4.325975, 
10, 4.224434, 
11, 4.051195, 
12, 3.787329, 
13, 3.516717, 
14, 3.310364, 
15, 3.117261, 
16, 2.811150, 
17, 2.242321, 
18, 1.454022, 
19, 0.791872, 
20, 0.403794, 
21, 0.221306, 
22, 0.138046, 
23, 0.096553, 
24, 0.073504, 
25, 0.059488, 
26, 0.050350, 
27, 0.044056, 
