Epoch Number, Total Squared Error, 
0, 4.669917, 
1, 4.582039, 
2, 4.560364, 
3, 4.562896, 
4, 4.562462, 
5, 4.536778, 
6, 4.502051, 
7, 4.473628, 
8, 4.427628, 
9, 4.325492, 
10, 4.124214, 
11, 3.788364, 
12, 3.284338, 
13, 2.565269, 
14, 1.690440, 
15, 0.968093, 
16, 0.514557, 
17, 0.274904, 
18, 0.160566, 
19, 0.105509, 
20, 0.076808, 
21, 0.060407, 
22, 0.050265, 
23, 0.043577, 
