Epoch Number, Total Squared Error, 
0, 4.842582, 
1, 4.742062, 
2, 4.819379, 
3, 4.660557, 
4, 4.526974, 
5, 4.507238, 
6, 4.489750, 
7, 4.412689, 
8, 4.209353, 
9, 3.940003, 
10, 3.613996, 
11, 3.282822, 
12, 2.954908, 
13, 2.564321, 
14, 2.013744, 
15, 1.320068, 
16, 0.754288, 
17, 0.511011, 
18, 0.336132, 
19, 0.187616, 
20, 0.115018, 
21, 0.080685, 
22, 0.061965, 
23, 0.050418, 
24, 0.042660, 
