Epoch Number, Total Squared Error, 
0, 4.673155, 
1, 4.651954, 
2, 4.695471, 
3, 4.613562, 
4, 4.549004, 
5, 4.555396, 
6, 4.589586, 
7, 4.604436, 
8, 4.572535, 
9, 4.539679, 
10, 4.506988, 
11, 4.431424, 
12, 4.242557, 
13, 3.868816, 
14, 3.240286, 
15, 2.338383, 
16, 1.351164, 
17, 0.663124, 
18, 0.325949, 
19, 0.177754, 
20, 0.110224, 
21, 0.076639, 
22, 0.058343, 
23, 0.047531, 
