Epoch Number, Total Squared Error, 
0, 4.702414, 
1, 4.616700, 
2, 4.582902, 
3, 4.586092, 
4, 4.607841, 
5, 4.579295, 
6, 4.526223, 
7, 4.470085, 
8, 4.390002, 
9, 4.231491, 
10, 3.960148, 
11, 3.609318, 
12, 3.207501, 
13, 2.712750, 
14, 2.084100, 
15, 1.361766, 
16, 0.772643, 
17, 0.425750, 
18, 0.226919, 
19, 0.133555, 
20, 0.089129, 
21, 0.065765, 
22, 0.052315, 
23, 0.043966, 
