Epoch Number, Total Squared Error, 
0, 4.721702, 
1, 4.620808, 
2, 4.589464, 
3, 4.589125, 
4, 4.591792, 
5, 4.566678, 
6, 4.541375, 
7, 4.534665, 
8, 4.522758, 
9, 4.473167, 
10, 4.357951, 
11, 4.149719, 
12, 3.794920, 
13, 3.216559, 
14, 2.369770, 
15, 1.447129, 
16, 0.772278, 
17, 0.392830, 
18, 0.210345, 
19, 0.126100, 
20, 0.085173, 
21, 0.063400, 
22, 0.050743, 
23, 0.042818, 
