Epoch Number, Total Squared Error, 
0, 4.626695, 
1, 4.558380, 
2, 4.524534, 
3, 4.512848, 
4, 4.507960, 
5, 4.486251, 
6, 4.452501, 
7, 4.408899, 
8, 4.335737, 
9, 4.200636, 
10, 3.975147, 
11, 3.665726, 
12, 3.310242, 
13, 2.917925, 
14, 2.413963, 
15, 1.750010, 
16, 1.074791, 
17, 0.563706, 
18, 0.293148, 
19, 0.168741, 
20, 0.108877, 
21, 0.077316, 
22, 0.059271, 
23, 0.048219, 
