Epoch Number, Total Squared Error, 
0, 4.716229, 
1, 4.600147, 
2, 4.589980, 
3, 4.606573, 
4, 4.631673, 
5, 4.604585, 
6, 4.573275, 
7, 4.568960, 
8, 4.571321, 
9, 4.552543, 
10, 4.489750, 
11, 4.380310, 
12, 4.211015, 
13, 3.969040, 
14, 3.680291, 
15, 3.402790, 
16, 3.156547, 
17, 2.915556, 
18, 2.618826, 
19, 2.164501, 
20, 1.567111, 
21, 1.083856, 
22, 0.697986, 
23, 0.386685, 
24, 0.216482, 
25, 0.131551, 
26, 0.088051, 
27, 0.064293, 
28, 0.050307, 
29, 0.041489, 
