Epoch Number, Total Squared Error, 
0, 4.685250, 
1, 4.637466, 
2, 4.595507, 
3, 4.546576, 
4, 4.479942, 
5, 4.398713, 
6, 4.285613, 
7, 4.107871, 
8, 3.850236, 
9, 3.551965, 
10, 3.261243, 
11, 2.952701, 
12, 2.532396, 
13, 1.947914, 
14, 1.300739, 
15, 0.832739, 
16, 0.489053, 
17, 0.259669, 
18, 0.155373, 
19, 0.105420, 
20, 0.078288, 
21, 0.062159, 
22, 0.051904, 
23, 0.045019, 
