Epoch Number, Total Squared Error, 
0, 5.196454, 
1, 4.607877, 
2, 4.638821, 
3, 4.571021, 
4, 4.607694, 
5, 4.636254, 
6, 4.501206, 
7, 4.437657, 
8, 4.381345, 
9, 4.273399, 
10, 4.017783, 
11, 3.594743, 
12, 3.086605, 
13, 2.401104, 
14, 1.544389, 
15, 0.881385, 
16, 0.468319, 
17, 0.247432, 
18, 0.143238, 
19, 0.093948, 
20, 0.068426, 
21, 0.053782, 
22, 0.044660, 
