Epoch Number, Total Squared Error, 
0, 4.684193, 
1, 4.686347, 
2, 4.661384, 
3, 4.575959, 
4, 4.535989, 
5, 4.543998, 
6, 4.557648, 
7, 4.549519, 
8, 4.523759, 
9, 4.498225, 
10, 4.456197, 
11, 4.362143, 
12, 4.184865, 
13, 3.914977, 
14, 3.559090, 
15, 3.104272, 
16, 2.484342, 
17, 1.702308, 
18, 1.002150, 
19, 0.530727, 
20, 0.276376, 
21, 0.157579, 
22, 0.102101, 
23, 0.073394, 
24, 0.056985, 
25, 0.046888, 
