Epoch Number, Total Squared Error, 
0, 4.827422, 
1, 4.668686, 
2, 4.624158, 
3, 4.608780, 
4, 4.586548, 
5, 4.495263, 
6, 4.391853, 
7, 4.265473, 
8, 4.058591, 
9, 3.764725, 
10, 3.444943, 
11, 3.121875, 
12, 2.716821, 
13, 2.145142, 
14, 1.514404, 
15, 0.992099, 
16, 0.556479, 
17, 0.300808, 
18, 0.173761, 
19, 0.109747, 
20, 0.075721, 
21, 0.056446, 
22, 0.044808, 
