Epoch Number, Total Squared Error, 
0, 4.636007, 
1, 4.579258, 
2, 4.543895, 
3, 4.523095, 
4, 4.502081, 
5, 4.474702, 
6, 4.440215, 
7, 4.387748, 
8, 4.294954, 
9, 4.136611, 
10, 3.904333, 
11, 3.624946, 
12, 3.339074, 
13, 3.039268, 
14, 2.639514, 
15, 2.043655, 
16, 1.315675, 
17, 0.688700, 
18, 0.346310, 
19, 0.194734, 
20, 0.125072, 
21, 0.089324, 
22, 0.069092, 
23, 0.056667, 
24, 0.048494, 
