Epoch Number, Total Squared Error, 
0, 4.606072, 
1, 4.566187, 
2, 4.540127, 
3, 4.529911, 
4, 4.518427, 
5, 4.503569, 
6, 4.493101, 
7, 4.482877, 
8, 4.454314, 
9, 4.378462, 
10, 4.226906, 
11, 3.982688, 
12, 3.664329, 
13, 3.324884, 
14, 2.983779, 
15, 2.616038, 
16, 2.189213, 
17, 1.662368, 
18, 1.181777, 
19, 0.803029, 
20, 0.511569, 
21, 0.307704, 
22, 0.196067, 
23, 0.136858, 
24, 0.102776, 
25, 0.081213, 
26, 0.066763, 
27, 0.056763, 
28, 0.049629, 
