Epoch Number, Total Squared Error, 
0, 4.692162, 
1, 4.683534, 
2, 4.659609, 
3, 4.566533, 
4, 4.516586, 
5, 4.520637, 
6, 4.537037, 
7, 4.536751, 
8, 4.521360, 
9, 4.516210, 
10, 4.517355, 
11, 4.504476, 
12, 4.459200, 
13, 4.368400, 
14, 4.216655, 
15, 3.987292, 
16, 3.682844, 
17, 3.326560, 
18, 2.916223, 
19, 2.390533, 
20, 1.738918, 
21, 1.099360, 
22, 0.607684, 
23, 0.317882, 
24, 0.182411, 
25, 0.117426, 
26, 0.082658, 
27, 0.062349, 
28, 0.049728, 
