Epoch Number, Total Squared Error, 
0, 4.734061, 
1, 4.609694, 
2, 4.530396, 
3, 4.462224, 
4, 4.351669, 
5, 4.156383, 
6, 3.896266, 
7, 3.605510, 
8, 3.267017, 
9, 2.812287, 
10, 2.160206, 
11, 1.358831, 
12, 0.735361, 
13, 0.388400, 
14, 0.211210, 
15, 0.128477, 
16, 0.088451, 
17, 0.066803, 
18, 0.053797, 
19, 0.045346, 
