Epoch Number, Total Squared Error, 
0, 4.644941, 
1, 4.578098, 
2, 4.540232, 
3, 4.522816, 
4, 4.518533, 
5, 4.509919, 
6, 4.501899, 
7, 4.507073, 
8, 4.521621, 
9, 4.535843, 
10, 4.542043, 
11, 4.539790, 
12, 4.529457, 
13, 4.503158, 
14, 4.440889, 
15, 4.306806, 
16, 4.049124, 
17, 3.616154, 
18, 2.988509, 
19, 2.180472, 
20, 1.302838, 
21, 0.691294, 
22, 0.382064, 
23, 0.210008, 
24, 0.120608, 
25, 0.077264, 
26, 0.055283, 
27, 0.043069, 
