Epoch Number, Total Squared Error, 
0, 4.815284, 
1, 4.720196, 
2, 4.728043, 
3, 4.561625, 
4, 4.470728, 
5, 4.507430, 
6, 4.538695, 
7, 4.555966, 
8, 4.525877, 
9, 4.506465, 
10, 4.516769, 
11, 4.523843, 
12, 4.504325, 
13, 4.441970, 
14, 4.334018, 
15, 4.166102, 
16, 3.909833, 
17, 3.546336, 
18, 3.080841, 
19, 2.500179, 
20, 1.788006, 
21, 1.086406, 
22, 0.574143, 
23, 0.283856, 
24, 0.151568, 
25, 0.092045, 
26, 0.062420, 
27, 0.046129, 
