Epoch Number, Total Squared Error, 
0, 4.755268, 
1, 4.655490, 
2, 4.578820, 
3, 4.533464, 
4, 4.514378, 
5, 4.501089, 
6, 4.496471, 
7, 4.507457, 
8, 4.524251, 
9, 4.535020, 
10, 4.534846, 
11, 4.527109, 
12, 4.514138, 
13, 4.490566, 
14, 4.443852, 
15, 4.354764, 
16, 4.197759, 
17, 3.944863, 
18, 3.573170, 
19, 3.059128, 
20, 2.350858, 
21, 1.505118, 
22, 0.839643, 
23, 0.448259, 
24, 0.241672, 
25, 0.143421, 
26, 0.096210, 
27, 0.071218, 
28, 0.056628, 
29, 0.047440, 
