Epoch Number, Total Squared Error, 
0, 4.963165, 
1, 4.561428, 
2, 4.568223, 
3, 4.532479, 
4, 4.579719, 
5, 4.579181, 
6, 4.505016, 
7, 4.492630, 
8, 4.497156, 
9, 4.498443, 
10, 4.439902, 
11, 4.288843, 
12, 4.029218, 
13, 3.595534, 
14, 2.925918, 
15, 2.017452, 
16, 1.165647, 
17, 0.621119, 
18, 0.332736, 
19, 0.185884, 
20, 0.113314, 
21, 0.077250, 
22, 0.057953, 
23, 0.046664, 
