Epoch Number, Total Squared Error, 
0, 4.780070, 
1, 4.590710, 
2, 4.583321, 
3, 4.600576, 
4, 4.627880, 
5, 4.576138, 
6, 4.524435, 
7, 4.526574, 
8, 4.533159, 
9, 4.497191, 
10, 4.402657, 
11, 4.269844, 
12, 4.081256, 
13, 3.787887, 
14, 3.365368, 
15, 2.838341, 
16, 2.173931, 
17, 1.377392, 
18, 0.748674, 
19, 0.396406, 
20, 0.221794, 
21, 0.138550, 
22, 0.096513, 
23, 0.073213, 
24, 0.059122, 
25, 0.049973, 
