Epoch Number, Total Squared Error, 
0, 4.696975, 
1, 4.672470, 
2, 4.702303, 
3, 4.649977, 
4, 4.590275, 
5, 4.581775, 
6, 4.610790, 
7, 4.627991, 
8, 4.596998, 
9, 4.543583, 
10, 4.472888, 
11, 4.345812, 
12, 4.091381, 
13, 3.655229, 
14, 2.988832, 
15, 2.085336, 
16, 1.143749, 
17, 0.549929, 
18, 0.262934, 
19, 0.135522, 
20, 0.080611, 
21, 0.054759, 
22, 0.041167, 
