Epoch Number, Total Squared Error, 
0, 4.710673, 
1, 4.684690, 
2, 4.677350, 
3, 4.609361, 
4, 4.562778, 
5, 4.565634, 
6, 4.589763, 
7, 4.600258, 
8, 4.587168, 
9, 4.577878, 
10, 4.573601, 
11, 4.554698, 
12, 4.498234, 
13, 4.386287, 
14, 4.197400, 
15, 3.905816, 
16, 3.509757, 
17, 3.033234, 
18, 2.458824, 
19, 1.738702, 
20, 1.047499, 
21, 0.648123, 
22, 0.422314, 
23, 0.257875, 
24, 0.162616, 
25, 0.113329, 
26, 0.086292, 
27, 0.069922, 
28, 0.059185, 
29, 0.051737, 
30, 0.046350, 
