Epoch Number, Total Squared Error, 
0, 4.667691, 
1, 4.664099, 
2, 4.657340, 
3, 4.607024, 
4, 4.562886, 
5, 4.554467, 
6, 4.560470, 
7, 4.551905, 
8, 4.509573, 
9, 4.430939, 
10, 4.298873, 
11, 4.085629, 
12, 3.790752, 
13, 3.470552, 
14, 3.187862, 
15, 2.959010, 
16, 2.759334, 
17, 2.505390, 
18, 2.066562, 
19, 1.411562, 
20, 0.847264, 
21, 0.563850, 
22, 0.359393, 
23, 0.208524, 
24, 0.128588, 
25, 0.089555, 
26, 0.068842, 
27, 0.056385, 
28, 0.048063, 
