Epoch Number, Total Squared Error, 
0, 4.735954, 
1, 4.664705, 
2, 4.664469, 
3, 4.616263, 
4, 4.556439, 
5, 4.544106, 
6, 4.566728, 
7, 4.593720, 
8, 4.586821, 
9, 4.559236, 
10, 4.524109, 
11, 4.466249, 
12, 4.346547, 
13, 4.132654, 
14, 3.839577, 
15, 3.517329, 
16, 3.192533, 
17, 2.832750, 
18, 2.372939, 
19, 1.714979, 
20, 0.993016, 
21, 0.543050, 
22, 0.294245, 
23, 0.168182, 
24, 0.107241, 
25, 0.076170, 
26, 0.058894, 
27, 0.048450, 
