Epoch Number, Total Squared Error, 
0, 4.691310, 
1, 4.609375, 
2, 4.570622, 
3, 4.554346, 
4, 4.544218, 
5, 4.521482, 
6, 4.498926, 
7, 4.491243, 
8, 4.489966, 
9, 4.479920, 
10, 4.449304, 
11, 4.391809, 
12, 4.288706, 
13, 4.094555, 
14, 3.739328, 
15, 3.157216, 
16, 2.320684, 
17, 1.346763, 
18, 0.647977, 
19, 0.315153, 
20, 0.171767, 
21, 0.106675, 
22, 0.074266, 
23, 0.056548, 
24, 0.046033, 
