Epoch Number, Total Squared Error, 
0, 4.705536, 
1, 4.659871, 
2, 4.663007, 
3, 4.589213, 
4, 4.533980, 
5, 4.530481, 
6, 4.545845, 
7, 4.557448, 
8, 4.536658, 
9, 4.509492, 
10, 4.481771, 
11, 4.428301, 
12, 4.302559, 
13, 4.046776, 
14, 3.608153, 
15, 2.941806, 
16, 2.066306, 
17, 1.199246, 
18, 0.625718, 
19, 0.333522, 
20, 0.185751, 
21, 0.112952, 
22, 0.076699, 
23, 0.057320, 
24, 0.046061, 
