Epoch Number, Total Squared Error, 
0, 4.578309, 
1, 4.559220, 
2, 4.549031, 
3, 4.531777, 
4, 4.513760, 
5, 4.507011, 
6, 4.509283, 
7, 4.510913, 
8, 4.502708, 
9, 4.482414, 
10, 4.446429, 
11, 4.381248, 
12, 4.263975, 
13, 4.072853, 
14, 3.809423, 
15, 3.509648, 
16, 3.199303, 
17, 2.818294, 
18, 2.230180, 
19, 1.496263, 
20, 0.828562, 
21, 0.392884, 
22, 0.198915, 
23, 0.114675, 
24, 0.074558, 
25, 0.053531, 
26, 0.041520, 
