Epoch Number, Total Squared Error, 
0, 4.900162, 
1, 4.646524, 
2, 4.573908, 
3, 4.523444, 
4, 4.515027, 
5, 4.457895, 
6, 4.371909, 
7, 4.297620, 
8, 4.170223, 
9, 3.953713, 
10, 3.671348, 
11, 3.394570, 
12, 3.127890, 
13, 2.799648, 
14, 2.331360, 
15, 1.736288, 
16, 1.141806, 
17, 0.652229, 
18, 0.360660, 
19, 0.216736, 
20, 0.142441, 
21, 0.100878, 
22, 0.076310, 
23, 0.061074, 
24, 0.051160, 
25, 0.044395, 
