Epoch Number, Total Squared Error, 
0, 4.714742, 
1, 4.613854, 
2, 4.573084, 
3, 4.556421, 
4, 4.569347, 
5, 4.559161, 
6, 4.532805, 
7, 4.521130, 
8, 4.519873, 
9, 4.509261, 
10, 4.459885, 
11, 4.354795, 
12, 4.168194, 
13, 3.849934, 
14, 3.354574, 
15, 2.671280, 
16, 1.855342, 
17, 1.102598, 
18, 0.593853, 
19, 0.326254, 
20, 0.185011, 
21, 0.115319, 
22, 0.080232, 
23, 0.060979, 
24, 0.049484, 
