Epoch Number, Total Squared Error, 
0, 4.777496, 
1, 4.613159, 
2, 4.733505, 
3, 4.595700, 
4, 4.468993, 
5, 4.469790, 
6, 4.472577, 
7, 4.483736, 
8, 4.408888, 
9, 4.297721, 
10, 4.165325, 
11, 3.979122, 
12, 3.735900, 
13, 3.493813, 
14, 3.303974, 
15, 3.136931, 
16, 2.944969, 
17, 2.672821, 
18, 2.293384, 
19, 1.825523, 
20, 1.203155, 
21, 0.686534, 
22, 0.400110, 
23, 0.249563, 
24, 0.167721, 
25, 0.120234, 
26, 0.091618, 
27, 0.073749, 
28, 0.061973, 
29, 0.053734, 
30, 0.047670, 
