Epoch Number, Total Squared Error, 
0, 4.669597, 
1, 4.657408, 
2, 4.658481, 
3, 4.581034, 
4, 4.524228, 
5, 4.507485, 
6, 4.491539, 
7, 4.427171, 
8, 4.270417, 
9, 3.986524, 
10, 3.473323, 
11, 2.642600, 
12, 1.621692, 
13, 0.848892, 
14, 0.439045, 
15, 0.237788, 
16, 0.138857, 
17, 0.089623, 
18, 0.064032, 
19, 0.049763, 
