Epoch Number, Total Squared Error, 
0, 4.608767, 
1, 4.592080, 
2, 4.596292, 
3, 4.545290, 
4, 4.503996, 
5, 4.505685, 
6, 4.522166, 
7, 4.533661, 
8, 4.521861, 
9, 4.501804, 
10, 4.482971, 
11, 4.449111, 
12, 4.372169, 
13, 4.220219, 
14, 3.967857, 
15, 3.597801, 
16, 3.087936, 
17, 2.384301, 
18, 1.535171, 
19, 0.862044, 
20, 0.462127, 
21, 0.250710, 
22, 0.148228, 
23, 0.098680, 
24, 0.072684, 
25, 0.057681, 
26, 0.048316, 
