Epoch Number, Total Squared Error, 
0, 4.680512, 
1, 4.593736, 
2, 4.559820, 
3, 4.544425, 
4, 4.527599, 
5, 4.473709, 
6, 4.390817, 
7, 4.276107, 
8, 4.064057, 
9, 3.629156, 
10, 2.841838, 
11, 1.792161, 
12, 0.915218, 
13, 0.443692, 
14, 0.232845, 
15, 0.137392, 
16, 0.090654, 
17, 0.065812, 
18, 0.051583, 
19, 0.042864, 
