Epoch Number, Total Squared Error, 
0, 4.767532, 
1, 4.595881, 
2, 4.565056, 
3, 4.538692, 
4, 4.552537, 
5, 4.470957, 
6, 4.308771, 
7, 4.108328, 
8, 3.830765, 
9, 3.446065, 
10, 2.920336, 
11, 2.280813, 
12, 1.647552, 
13, 1.017910, 
14, 0.590690, 
15, 0.324856, 
16, 0.189144, 
17, 0.122798, 
18, 0.087560, 
19, 0.067420, 
20, 0.055132, 
21, 0.047143, 
