Epoch Number, Total Squared Error, 
0, 4.967419, 
1, 4.619463, 
2, 4.824666, 
3, 4.713277, 
4, 4.520310, 
5, 4.494842, 
6, 4.478910, 
7, 4.520347, 
8, 4.434893, 
9, 4.239938, 
10, 3.999296, 
11, 3.708570, 
12, 3.386953, 
13, 3.021807, 
14, 2.624362, 
15, 2.182925, 
16, 1.615525, 
17, 1.034563, 
18, 0.678155, 
19, 0.409775, 
20, 0.228334, 
21, 0.135506, 
22, 0.090147, 
23, 0.065875, 
24, 0.051559, 
25, 0.042420, 
