Epoch Number, Total Squared Error, 
0, 5.118207, 
1, 4.570117, 
2, 4.651398, 
3, 4.610140, 
4, 4.662017, 
5, 4.595032, 
6, 4.443848, 
7, 4.416575, 
8, 4.401379, 
9, 4.349569, 
10, 4.164456, 
11, 3.898975, 
12, 3.637301, 
13, 3.387317, 
14, 3.093083, 
15, 2.699790, 
16, 2.090378, 
17, 1.253138, 
18, 0.620966, 
19, 0.313675, 
20, 0.179913, 
21, 0.117852, 
22, 0.085480, 
23, 0.066775, 
24, 0.055110, 
25, 0.047382, 
