Epoch Number, Total Squared Error, 
0, 4.587289, 
1, 4.570377, 
2, 4.578298, 
3, 4.570654, 
4, 4.541386, 
5, 4.525657, 
6, 4.528041, 
7, 4.532508, 
8, 4.507967, 
9, 4.436292, 
10, 4.308743, 
11, 4.111745, 
12, 3.848492, 
13, 3.570116, 
14, 3.335666, 
15, 3.153041, 
16, 2.999512, 
17, 2.814990, 
18, 2.502809, 
19, 2.017805, 
20, 1.472899, 
21, 0.972649, 
22, 0.565966, 
23, 0.322326, 
24, 0.197263, 
25, 0.131186, 
26, 0.093806, 
27, 0.071456, 
28, 0.057411, 
29, 0.048136, 
