Epoch Number, Total Squared Error, 
0, 5.049579, 
1, 4.648851, 
2, 4.802911, 
3, 4.669600, 
4, 4.473646, 
5, 4.490326, 
6, 4.495690, 
7, 4.557716, 
8, 4.553136, 
9, 4.512255, 
10, 4.498191, 
11, 4.494270, 
12, 4.491163, 
13, 4.445823, 
14, 4.333555, 
15, 4.152907, 
16, 3.899142, 
17, 3.580977, 
18, 3.208323, 
19, 2.763539, 
20, 2.226991, 
21, 1.597856, 
22, 0.951265, 
23, 0.532486, 
24, 0.286237, 
25, 0.166054, 
26, 0.107550, 
27, 0.076434, 
28, 0.058610, 
29, 0.047710, 
