Epoch Number, Total Squared Error, 
0, 4.643194, 
1, 4.635962, 
2, 4.633929, 
3, 4.560754, 
4, 4.496949, 
5, 4.475084, 
6, 4.449038, 
7, 4.364817, 
8, 4.174132, 
9, 3.869084, 
10, 3.461074, 
11, 2.990203, 
12, 2.435814, 
13, 1.748053, 
14, 1.063208, 
15, 0.641214, 
16, 0.417069, 
17, 0.245230, 
18, 0.146229, 
19, 0.097498, 
20, 0.072107, 
21, 0.057301, 
22, 0.047809, 
