Epoch Number, Total Squared Error, 
0, 4.672511, 
1, 4.622218, 
2, 4.569197, 
3, 4.515976, 
4, 4.454720, 
5, 4.377563, 
6, 4.262020, 
7, 4.068210, 
8, 3.759352, 
9, 3.329888, 
10, 2.779907, 
11, 2.114827, 
12, 1.431006, 
13, 0.847687, 
14, 0.489005, 
15, 0.268731, 
16, 0.159847, 
17, 0.107044, 
18, 0.078755, 
19, 0.062213, 
20, 0.051859, 
21, 0.044984, 
