Epoch Number, Total Squared Error, 
0, 4.754834, 
1, 4.654690, 
2, 4.593243, 
3, 4.577168, 
4, 4.583147, 
5, 4.573397, 
6, 4.569397, 
7, 4.583157, 
8, 4.601863, 
9, 4.606068, 
10, 4.588891, 
11, 4.555439, 
12, 4.497354, 
13, 4.384834, 
14, 4.174803, 
15, 3.836389, 
16, 3.376270, 
17, 2.802980, 
18, 2.119753, 
19, 1.406945, 
20, 0.810474, 
21, 0.446452, 
22, 0.237169, 
23, 0.138250, 
24, 0.091063, 
25, 0.066252, 
26, 0.052016, 
27, 0.043227, 
