Epoch Number, Total Squared Error, 
0, 4.685556, 
1, 4.657209, 
2, 4.623219, 
3, 4.581728, 
4, 4.550778, 
5, 4.541899, 
6, 4.545674, 
7, 4.549594, 
8, 4.549393, 
9, 4.549872, 
10, 4.553757, 
11, 4.558031, 
12, 4.558440, 
13, 4.553105, 
14, 4.540725, 
15, 4.515098, 
16, 4.460989, 
17, 4.350779, 
18, 4.140159, 
19, 3.765928, 
20, 3.152819, 
21, 2.278462, 
22, 1.373735, 
23, 0.729767, 
24, 0.372205, 
25, 0.202249, 
26, 0.123437, 
27, 0.084571, 
28, 0.063626, 
29, 0.051345, 
30, 0.043606, 
