Epoch Number, Total Squared Error, 
0, 4.611688, 
1, 4.605365, 
2, 4.627510, 
3, 4.589333, 
4, 4.534643, 
5, 4.505835, 
6, 4.483911, 
7, 4.424959, 
8, 4.289833, 
9, 4.082665, 
10, 3.818282, 
11, 3.539839, 
12, 3.284929, 
13, 3.000885, 
14, 2.540808, 
15, 1.840205, 
16, 1.143558, 
17, 0.567062, 
18, 0.264823, 
19, 0.138595, 
20, 0.083014, 
21, 0.055895, 
22, 0.041264, 
