Epoch Number, Total Squared Error, 
0, 4.736278, 
1, 4.643357, 
2, 4.604672, 
3, 4.597218, 
4, 4.607705, 
5, 4.584113, 
6, 4.546616, 
7, 4.517076, 
8, 4.480464, 
9, 4.394075, 
10, 4.209252, 
11, 3.876229, 
12, 3.297927, 
13, 2.377460, 
14, 1.335957, 
15, 0.642273, 
16, 0.311566, 
17, 0.166024, 
18, 0.100062, 
19, 0.067842, 
20, 0.050672, 
21, 0.040740, 
