Epoch Number, Total Squared Error, 
0, 4.679626, 
1, 4.587691, 
2, 4.542101, 
3, 4.522748, 
4, 4.529687, 
5, 4.518283, 
6, 4.493180, 
7, 4.473020, 
8, 4.448338, 
9, 4.393972, 
10, 4.270520, 
11, 4.052838, 
12, 3.751647, 
13, 3.412665, 
14, 3.058736, 
15, 2.656468, 
16, 2.166351, 
17, 1.541933, 
18, 0.965208, 
19, 0.578094, 
20, 0.327884, 
21, 0.193191, 
22, 0.125320, 
23, 0.089606, 
24, 0.069261, 
25, 0.056751, 
26, 0.048541, 
