Epoch Number, Total Squared Error, 
0, 4.660992, 
1, 4.600989, 
2, 4.553521, 
3, 4.524489, 
4, 4.503835, 
5, 4.483984, 
6, 4.467917, 
7, 4.449189, 
8, 4.408473, 
9, 4.321307, 
10, 4.166515, 
11, 3.939306, 
12, 3.667167, 
13, 3.399407, 
14, 3.157631, 
15, 2.911388, 
16, 2.597071, 
17, 2.152031, 
18, 1.582977, 
19, 1.039329, 
20, 0.682234, 
21, 0.443545, 
22, 0.270283, 
23, 0.169168, 
24, 0.114100, 
25, 0.083289, 
26, 0.064960, 
27, 0.053274, 
28, 0.045368, 
