Epoch Number, Total Squared Error, 
0, 4.828998, 
1, 4.724222, 
2, 4.669153, 
3, 4.654517, 
4, 4.646259, 
5, 4.633280, 
6, 4.626905, 
7, 4.623086, 
8, 4.604161, 
9, 4.553176, 
10, 4.454543, 
11, 4.276654, 
12, 3.968410, 
13, 3.482051, 
14, 2.776769, 
15, 1.853856, 
16, 1.002953, 
17, 0.500590, 
18, 0.249591, 
19, 0.132754, 
20, 0.079845, 
21, 0.054066, 
22, 0.040234, 
