Epoch Number, Total Squared Error, 
0, 4.716051, 
1, 4.706498, 
2, 4.665487, 
3, 4.564800, 
4, 4.516176, 
5, 4.516791, 
6, 4.517572, 
7, 4.485717, 
8, 4.409708, 
9, 4.289687, 
10, 4.091566, 
11, 3.766289, 
12, 3.278020, 
13, 2.615081, 
14, 1.808470, 
15, 1.093049, 
16, 0.603677, 
17, 0.317532, 
18, 0.178172, 
19, 0.112748, 
20, 0.079459, 
21, 0.060804, 
22, 0.049483, 
