Epoch Number, Total Squared Error, 
0, 5.085959, 
1, 4.705986, 
2, 4.850855, 
3, 4.705598, 
4, 4.500537, 
5, 4.510761, 
6, 4.526077, 
7, 4.588744, 
8, 4.561101, 
9, 4.502128, 
10, 4.448718, 
11, 4.352906, 
12, 4.144779, 
13, 3.705605, 
14, 2.983102, 
15, 2.029669, 
16, 1.150851, 
17, 0.591379, 
18, 0.319062, 
19, 0.181839, 
20, 0.112610, 
21, 0.077557, 
22, 0.058592, 
23, 0.047443, 
