Epoch Number, Total Squared Error, 
0, 4.573310, 
1, 4.538756, 
2, 4.523352, 
3, 4.518972, 
4, 4.514669, 
5, 4.503087, 
6, 4.490026, 
7, 4.480731, 
8, 4.468827, 
9, 4.441210, 
10, 4.382409, 
11, 4.275883, 
12, 4.105017, 
13, 3.865775, 
14, 3.581675, 
15, 3.282166, 
16, 2.943178, 
17, 2.470844, 
18, 1.831533, 
19, 1.202989, 
20, 0.694515, 
21, 0.355499, 
22, 0.193347, 
23, 0.120286, 
24, 0.083441, 
25, 0.062759, 
26, 0.050239, 
27, 0.042209, 
