Epoch Number, Total Squared Error, 
0, 4.822010, 
1, 4.681735, 
2, 4.726988, 
3, 4.570274, 
4, 4.441834, 
5, 4.427126, 
6, 4.441884, 
7, 4.386157, 
8, 4.148236, 
9, 3.737929, 
10, 3.108522, 
11, 2.231082, 
12, 1.274490, 
13, 0.662706, 
14, 0.357291, 
15, 0.199694, 
16, 0.120912, 
17, 0.081557, 
18, 0.060657, 
19, 0.048624, 
