Epoch Number, Total Squared Error, 
0, 4.728262, 
1, 4.570777, 
2, 4.545453, 
3, 4.546226, 
4, 4.545467, 
5, 4.506512, 
6, 4.460870, 
7, 4.452215, 
8, 4.449419, 
9, 4.419120, 
10, 4.334433, 
11, 4.182958, 
12, 3.953982, 
13, 3.639306, 
14, 3.244217, 
15, 2.754557, 
16, 2.082568, 
17, 1.252321, 
18, 0.638646, 
19, 0.333257, 
20, 0.194850, 
21, 0.127046, 
22, 0.090446, 
23, 0.069132, 
24, 0.055953, 
25, 0.047369, 
