Epoch Number, Total Squared Error, 
0, 4.724648, 
1, 4.572473, 
2, 4.537591, 
3, 4.531824, 
4, 4.542784, 
5, 4.520397, 
6, 4.482959, 
7, 4.472116, 
8, 4.466127, 
9, 4.435685, 
10, 4.355137, 
11, 4.215900, 
12, 4.019212, 
13, 3.772984, 
14, 3.501572, 
15, 3.225990, 
16, 2.915682, 
17, 2.475441, 
18, 1.870811, 
19, 1.299986, 
20, 0.794231, 
21, 0.422655, 
22, 0.240367, 
23, 0.152310, 
24, 0.105107, 
25, 0.077968, 
26, 0.061566, 
27, 0.051161, 
28, 0.044210, 
