Epoch Number, Total Squared Error, 
0, 4.626891, 
1, 4.597713, 
2, 4.602911, 
3, 4.562928, 
4, 4.516508, 
5, 4.505155, 
6, 4.516136, 
7, 4.525464, 
8, 4.500817, 
9, 4.441983, 
10, 4.344917, 
11, 4.183333, 
12, 3.921490, 
13, 3.550078, 
14, 3.085822, 
15, 2.504326, 
16, 1.755960, 
17, 1.051104, 
18, 0.628090, 
19, 0.378542, 
20, 0.234601, 
21, 0.157569, 
22, 0.115668, 
23, 0.091116, 
24, 0.075543, 
25, 0.065008, 
26, 0.057520, 
27, 0.051977, 
28, 0.047729, 
