Epoch Number, Total Squared Error, 
0, 4.948989, 
1, 4.565555, 
2, 4.584677, 
3, 4.562416, 
4, 4.618253, 
5, 4.590512, 
6, 4.509095, 
7, 4.510985, 
8, 4.537333, 
9, 4.561153, 
10, 4.548648, 
11, 4.520741, 
12, 4.506719, 
13, 4.486834, 
14, 4.429361, 
15, 4.307812, 
16, 4.115166, 
17, 3.858189, 
18, 3.554372, 
19, 3.221445, 
20, 2.825453, 
21, 2.267270, 
22, 1.528503, 
23, 0.851392, 
24, 0.445607, 
25, 0.239361, 
26, 0.142579, 
27, 0.095971, 
28, 0.071274, 
29, 0.056903, 
30, 0.047882, 
