Epoch Number, Total Squared Error, 
0, 4.736139, 
1, 4.686499, 
2, 4.605449, 
3, 4.509763, 
4, 4.468364, 
5, 4.482957, 
6, 4.513137, 
7, 4.525015, 
8, 4.502577, 
9, 4.439158, 
10, 4.308150, 
11, 4.051081, 
12, 3.590470, 
13, 2.878780, 
14, 1.957930, 
15, 1.074372, 
16, 0.548088, 
17, 0.294746, 
18, 0.165881, 
19, 0.100794, 
20, 0.068090, 
21, 0.050781, 
22, 0.040866, 
