Epoch Number, Total Squared Error, 
0, 4.749987, 
1, 4.646073, 
2, 4.576061, 
3, 4.536911, 
4, 4.514117, 
5, 4.490625, 
6, 4.465434, 
7, 4.440624, 
8, 4.402892, 
9, 4.329692, 
10, 4.197206, 
11, 3.993869, 
12, 3.736108, 
13, 3.469627, 
14, 3.224313, 
15, 2.959503, 
16, 2.571539, 
17, 2.037520, 
18, 1.491765, 
19, 0.938419, 
20, 0.571950, 
21, 0.363585, 
22, 0.239865, 
23, 0.165034, 
24, 0.119524, 
25, 0.091277, 
26, 0.073077, 
27, 0.060835, 
28, 0.052257, 
29, 0.046020, 
