Epoch Number, Total Squared Error, 
0, 4.789933, 
1, 4.592153, 
2, 4.592728, 
3, 4.596891, 
4, 4.626087, 
5, 4.584961, 
6, 4.537313, 
7, 4.540638, 
8, 4.556267, 
9, 4.554135, 
10, 4.521006, 
11, 4.480039, 
12, 4.423583, 
13, 4.301075, 
14, 4.022727, 
15, 3.456917, 
16, 2.506010, 
17, 1.411451, 
18, 0.673907, 
19, 0.327287, 
20, 0.174783, 
21, 0.104836, 
22, 0.070532, 
23, 0.052315, 
24, 0.041842, 
