Epoch Number, Total Squared Error, 
0, 4.837882, 
1, 4.621593, 
2, 4.624080, 
3, 4.646879, 
4, 4.686989, 
5, 4.635776, 
6, 4.593432, 
7, 4.611028, 
8, 4.639331, 
9, 4.642901, 
10, 4.620241, 
11, 4.609219, 
12, 4.611421, 
13, 4.605493, 
14, 4.575577, 
15, 4.519165, 
16, 4.426961, 
17, 4.262635, 
18, 3.972465, 
19, 3.497837, 
20, 2.787610, 
21, 1.888857, 
22, 1.084581, 
23, 0.555923, 
24, 0.283683, 
25, 0.159087, 
26, 0.101115, 
27, 0.071778, 
28, 0.055466, 
29, 0.045623, 
