Epoch Number, Total Squared Error, 
0, 5.050693, 
1, 4.564498, 
2, 4.611707, 
3, 4.580223, 
4, 4.627242, 
5, 4.635134, 
6, 4.527152, 
7, 4.502022, 
8, 4.517716, 
9, 4.544857, 
10, 4.550362, 
11, 4.521255, 
12, 4.500335, 
13, 4.487210, 
14, 4.455089, 
15, 4.358370, 
16, 4.139797, 
17, 3.724898, 
18, 3.020361, 
19, 2.046210, 
20, 1.128052, 
21, 0.556696, 
22, 0.282335, 
23, 0.159885, 
24, 0.102493, 
25, 0.073124, 
26, 0.056716, 
27, 0.046814, 
