Epoch Number, Total Squared Error, 
0, 5.374155, 
1, 4.674324, 
2, 4.707354, 
3, 4.644335, 
4, 4.644880, 
5, 4.669980, 
6, 4.533187, 
7, 4.500232, 
8, 4.524183, 
9, 4.556117, 
10, 4.575090, 
11, 4.548204, 
12, 4.523515, 
13, 4.507003, 
14, 4.472697, 
15, 4.375404, 
16, 4.151837, 
17, 3.732412, 
18, 3.034081, 
19, 2.049286, 
20, 1.087526, 
21, 0.503395, 
22, 0.241033, 
23, 0.131162, 
24, 0.081933, 
25, 0.057514, 
26, 0.044177, 
