Epoch Number, Total Squared Error, 
0, 4.665811, 
1, 4.622750, 
2, 4.576887, 
3, 4.511186, 
4, 4.415212, 
5, 4.276060, 
6, 4.066879, 
7, 3.765492, 
8, 3.369056, 
9, 2.855419, 
10, 2.143401, 
11, 1.329166, 
12, 0.727176, 
13, 0.383129, 
14, 0.208192, 
15, 0.125914, 
16, 0.085797, 
17, 0.064289, 
18, 0.051678, 
19, 0.043725, 
