Epoch Number, Total Squared Error, 
0, 4.756210, 
1, 4.695008, 
2, 4.700262, 
3, 4.569601, 
4, 4.501164, 
5, 4.518154, 
6, 4.543156, 
7, 4.554046, 
8, 4.525382, 
9, 4.509039, 
10, 4.515922, 
11, 4.525000, 
12, 4.522476, 
13, 4.506376, 
14, 4.490457, 
15, 4.478711, 
16, 4.461282, 
17, 4.422234, 
18, 4.341645, 
19, 4.190087, 
20, 3.917612, 
21, 3.461109, 
22, 2.771195, 
23, 1.848063, 
24, 0.956410, 
25, 0.449326, 
26, 0.227750, 
27, 0.131434, 
28, 0.086115, 
29, 0.062634, 
30, 0.049323, 
