Epoch Number, Total Squared Error, 
0, 4.686586, 
1, 4.608162, 
2, 4.579613, 
3, 4.573990, 
4, 4.567301, 
5, 4.544435, 
6, 4.523843, 
7, 4.522900, 
8, 4.531417, 
9, 4.536322, 
10, 4.533868, 
11, 4.530866, 
12, 4.531949, 
13, 4.533274, 
14, 4.528273, 
15, 4.511808, 
16, 4.478488, 
17, 4.416105, 
18, 4.300386, 
19, 4.097283, 
20, 3.775588, 
21, 3.320747, 
22, 2.716765, 
23, 1.946344, 
24, 1.164229, 
25, 0.602190, 
26, 0.295737, 
27, 0.155802, 
28, 0.094201, 
29, 0.064538, 
30, 0.048518, 
