Epoch Number, Total Squared Error, 
0, 5.331924, 
1, 4.607545, 
2, 4.662264, 
3, 4.599608, 
4, 4.576836, 
5, 4.617830, 
6, 4.485937, 
7, 4.429090, 
8, 4.396524, 
9, 4.283202, 
10, 4.076074, 
11, 3.791499, 
12, 3.518478, 
13, 3.238628, 
14, 2.893257, 
15, 2.413266, 
16, 1.757695, 
17, 1.056202, 
18, 0.562477, 
19, 0.304212, 
20, 0.179045, 
21, 0.117349, 
22, 0.084540, 
23, 0.065581, 
24, 0.053798, 
25, 0.046008, 
