Epoch Number, Total Squared Error, 
0, 4.810859, 
1, 4.699160, 
2, 4.772057, 
3, 4.591093, 
4, 4.471946, 
5, 4.499498, 
6, 4.525860, 
7, 4.549345, 
8, 4.516759, 
9, 4.490563, 
10, 4.497332, 
11, 4.510640, 
12, 4.513702, 
13, 4.491707, 
14, 4.450478, 
15, 4.389142, 
16, 4.282162, 
17, 4.090553, 
18, 3.781774, 
19, 3.352509, 
20, 2.779742, 
21, 2.002277, 
22, 1.213721, 
23, 0.681623, 
24, 0.365307, 
25, 0.201948, 
26, 0.125733, 
27, 0.087892, 
28, 0.066892, 
29, 0.054138, 
30, 0.045871, 
