Epoch Number, Total Squared Error, 
0, 4.851604, 
1, 4.764281, 
2, 4.812205, 
3, 4.643459, 
4, 4.541542, 
5, 4.554123, 
6, 4.583904, 
7, 4.600740, 
8, 4.561522, 
9, 4.532487, 
10, 4.519715, 
11, 4.489881, 
12, 4.410900, 
13, 4.251146, 
14, 3.997242, 
15, 3.645468, 
16, 3.209811, 
17, 2.678498, 
18, 1.997363, 
19, 1.255192, 
20, 0.730927, 
21, 0.464067, 
22, 0.283540, 
23, 0.169079, 
24, 0.111418, 
25, 0.081868, 
26, 0.064952, 
27, 0.054237, 
28, 0.046954, 
