Epoch Number, Total Squared Error, 
0, 5.035413, 
1, 4.622878, 
2, 4.613167, 
3, 4.555642, 
4, 4.605408, 
5, 4.561778, 
6, 4.471692, 
7, 4.431915, 
8, 4.375743, 
9, 4.254285, 
10, 3.967326, 
11, 3.523406, 
12, 2.965335, 
13, 2.309931, 
14, 1.569192, 
15, 0.909571, 
16, 0.525270, 
17, 0.291611, 
18, 0.169426, 
19, 0.110034, 
20, 0.079099, 
21, 0.061511, 
22, 0.050710, 
23, 0.043626, 
