Epoch Number, Total Squared Error, 
0, 4.694157, 
1, 4.646155, 
2, 4.618787, 
3, 4.563129, 
4, 4.524888, 
5, 4.523437, 
6, 4.535413, 
7, 4.539616, 
8, 4.528451, 
9, 4.520125, 
10, 4.518865, 
11, 4.511950, 
12, 4.483081, 
13, 4.418503, 
14, 4.299290, 
15, 4.084764, 
16, 3.711781, 
17, 3.115595, 
18, 2.266970, 
19, 1.316340, 
20, 0.649214, 
21, 0.324392, 
22, 0.180055, 
23, 0.112934, 
24, 0.078981, 
25, 0.060236, 
26, 0.049044, 
