Epoch Number, Total Squared Error, 
0, 5.156593, 
1, 4.682435, 
2, 4.680211, 
3, 4.585850, 
4, 4.609249, 
5, 4.633625, 
6, 4.511253, 
7, 4.417750, 
8, 4.312559, 
9, 4.186997, 
10, 3.968264, 
11, 3.661659, 
12, 3.390724, 
13, 3.181849, 
14, 3.026460, 
15, 2.850453, 
16, 2.571860, 
17, 2.153947, 
18, 1.632076, 
19, 1.141831, 
20, 0.795796, 
21, 0.526477, 
22, 0.323032, 
23, 0.199518, 
24, 0.132313, 
25, 0.094621, 
26, 0.071701, 
27, 0.056785, 
28, 0.046670, 
