Epoch Number, Total Squared Error, 
0, 4.785591, 
1, 4.606282, 
2, 4.589159, 
3, 4.595476, 
4, 4.616496, 
5, 4.568013, 
6, 4.511044, 
7, 4.478964, 
8, 4.424256, 
9, 4.274535, 
10, 3.945774, 
11, 3.382237, 
12, 2.560992, 
13, 1.582851, 
14, 0.786633, 
15, 0.369836, 
16, 0.187733, 
17, 0.108401, 
18, 0.071113, 
19, 0.051857, 
20, 0.040995, 
