Epoch Number, Total Squared Error, 
0, 4.828632, 
1, 4.746021, 
2, 4.864313, 
3, 4.682793, 
4, 4.561099, 
5, 4.565454, 
6, 4.613637, 
7, 4.617231, 
8, 4.545842, 
9, 4.489468, 
10, 4.424291, 
11, 4.288672, 
12, 4.013140, 
13, 3.615881, 
14, 3.121878, 
15, 2.480020, 
16, 1.607650, 
17, 0.840797, 
18, 0.407140, 
19, 0.209843, 
20, 0.122867, 
21, 0.082108, 
22, 0.060894, 
23, 0.048646, 
