Epoch Number, Total Squared Error, 
0, 4.771235, 
1, 4.616366, 
2, 4.581911, 
3, 4.568291, 
4, 4.578424, 
5, 4.506167, 
6, 4.384323, 
7, 4.233899, 
8, 4.001927, 
9, 3.625378, 
10, 3.093478, 
11, 2.437272, 
12, 1.692616, 
13, 0.979084, 
14, 0.570444, 
15, 0.316405, 
16, 0.160738, 
17, 0.090601, 
18, 0.058528, 
19, 0.042213, 
