Epoch Number, Total Squared Error, 
0, 5.096850, 
1, 4.590022, 
2, 4.633093, 
3, 4.565634, 
4, 4.626489, 
5, 4.616549, 
6, 4.476703, 
7, 4.413767, 
8, 4.327881, 
9, 4.171395, 
10, 3.816183, 
11, 3.246580, 
12, 2.488250, 
13, 1.664148, 
14, 0.935333, 
15, 0.515411, 
16, 0.288632, 
17, 0.166949, 
18, 0.107219, 
19, 0.076471, 
20, 0.059145, 
21, 0.048596, 
