Epoch Number, Total Squared Error, 
0, 5.022221, 
1, 4.627275, 
2, 4.651854, 
3, 4.615814, 
4, 4.694023, 
5, 4.642939, 
6, 4.555595, 
7, 4.566384, 
8, 4.598111, 
9, 4.612583, 
10, 4.577707, 
11, 4.554225, 
12, 4.563407, 
13, 4.575475, 
14, 4.566914, 
15, 4.541722, 
16, 4.518506, 
17, 4.491345, 
18, 4.432982, 
19, 4.308052, 
20, 4.073690, 
21, 3.672578, 
22, 3.039725, 
23, 2.164293, 
24, 1.251850, 
25, 0.609936, 
26, 0.290927, 
27, 0.152889, 
28, 0.091723, 
29, 0.062127, 
30, 0.046332, 
