Epoch Number, Total Squared Error, 
0, 4.733678, 
1, 4.683632, 
2, 4.758832, 
3, 4.611990, 
4, 4.520815, 
5, 4.538246, 
6, 4.573727, 
7, 4.591181, 
8, 4.552020, 
9, 4.524604, 
10, 4.512856, 
11, 4.476576, 
12, 4.367836, 
13, 4.149486, 
14, 3.795985, 
15, 3.251664, 
16, 2.448557, 
17, 1.518803, 
18, 0.833827, 
19, 0.436450, 
20, 0.234238, 
21, 0.139022, 
22, 0.092944, 
23, 0.068613, 
24, 0.054539, 
25, 0.045751, 
