Epoch Number, Total Squared Error, 
0, 4.816509, 
1, 4.647341, 
2, 4.600545, 
3, 4.590264, 
4, 4.595215, 
5, 4.566734, 
6, 4.526606, 
7, 4.517970, 
8, 4.519965, 
9, 4.504994, 
10, 4.447493, 
11, 4.338137, 
12, 4.159294, 
13, 3.872191, 
14, 3.436963, 
15, 2.818246, 
16, 2.003848, 
17, 1.197285, 
18, 0.646796, 
19, 0.340265, 
20, 0.188916, 
21, 0.117708, 
22, 0.082254, 
23, 0.062815, 
24, 0.051181, 
25, 0.043711, 
