Epoch Number, Total Squared Error, 
0, 4.909344, 
1, 4.566487, 
2, 4.569965, 
3, 4.556599, 
4, 4.587791, 
5, 4.545802, 
6, 4.452296, 
7, 4.410846, 
8, 4.347823, 
9, 4.212267, 
10, 3.968327, 
11, 3.663219, 
12, 3.348432, 
13, 2.989266, 
14, 2.521356, 
15, 1.934641, 
16, 1.335240, 
17, 0.804790, 
18, 0.427316, 
19, 0.232190, 
20, 0.137759, 
21, 0.089657, 
22, 0.063606, 
23, 0.048587, 
