Epoch Number, Total Squared Error, 
0, 5.416069, 
1, 4.724536, 
2, 4.740112, 
3, 4.627275, 
4, 4.693822, 
5, 4.676890, 
6, 4.522124, 
7, 4.517738, 
8, 4.546635, 
9, 4.585844, 
10, 4.569042, 
11, 4.519692, 
12, 4.493872, 
13, 4.465883, 
14, 4.397049, 
15, 4.241096, 
16, 3.979219, 
17, 3.601903, 
18, 3.095902, 
19, 2.416357, 
20, 1.552684, 
21, 0.830510, 
22, 0.415371, 
23, 0.219571, 
24, 0.131137, 
25, 0.088655, 
26, 0.066050, 
27, 0.052818, 
28, 0.044467, 
