Epoch Number, Total Squared Error, 
0, 5.022473, 
1, 4.641772, 
2, 4.618100, 
3, 4.596181, 
4, 4.634646, 
5, 4.597454, 
6, 4.500633, 
7, 4.486077, 
8, 4.497000, 
9, 4.490985, 
10, 4.421538, 
11, 4.312479, 
12, 4.182063, 
13, 4.000848, 
14, 3.750300, 
15, 3.474335, 
16, 3.245881, 
17, 3.031922, 
18, 2.699815, 
19, 2.104370, 
20, 1.329124, 
21, 0.695589, 
22, 0.357996, 
23, 0.205824, 
24, 0.133465, 
25, 0.095448, 
26, 0.073595, 
27, 0.060038, 
28, 0.051086, 
29, 0.044866, 
