Epoch Number, Total Squared Error, 
0, 4.749033, 
1, 4.619335, 
2, 4.577813, 
3, 4.567993, 
4, 4.565655, 
5, 4.538445, 
6, 4.503093, 
7, 4.490073, 
8, 4.480955, 
9, 4.445695, 
10, 4.351843, 
11, 4.167381, 
12, 3.835114, 
13, 3.265474, 
14, 2.404669, 
15, 1.427284, 
16, 0.720478, 
17, 0.360501, 
18, 0.195664, 
19, 0.118326, 
20, 0.079735, 
21, 0.058924, 
22, 0.046794, 
