Epoch Number, Total Squared Error, 
0, 4.748270, 
1, 4.663916, 
2, 4.706759, 
3, 4.635066, 
4, 4.545399, 
5, 4.527559, 
6, 4.544461, 
7, 4.566286, 
8, 4.521480, 
9, 4.425723, 
10, 4.284636, 
11, 4.067886, 
12, 3.758842, 
13, 3.399652, 
14, 3.075609, 
15, 2.813613, 
16, 2.563872, 
17, 2.202675, 
18, 1.597642, 
19, 0.923594, 
20, 0.582032, 
21, 0.426847, 
22, 0.282385, 
23, 0.181559, 
24, 0.126900, 
25, 0.097578, 
26, 0.080216, 
27, 0.068760, 
28, 0.060586, 
29, 0.054464, 
30, 0.049733, 
