Epoch Number, Total Squared Error, 
0, 4.739993, 
1, 4.636406, 
2, 4.567950, 
3, 4.541321, 
4, 4.544684, 
5, 4.541567, 
6, 4.537157, 
7, 4.544989, 
8, 4.560525, 
9, 4.572813, 
10, 4.571028, 
11, 4.555448, 
12, 4.528015, 
13, 4.479662, 
14, 4.386259, 
15, 4.213077, 
16, 3.929569, 
17, 3.524448, 
18, 2.992816, 
19, 2.312917, 
20, 1.529800, 
21, 0.850892, 
22, 0.463833, 
23, 0.253821, 
24, 0.147755, 
25, 0.096110, 
26, 0.069358, 
27, 0.054264, 
28, 0.045061, 
