Epoch Number, Total Squared Error, 
0, 4.549567, 
1, 4.582296, 
2, 4.597469, 
3, 4.549140, 
4, 4.520437, 
5, 4.528669, 
6, 4.538538, 
7, 4.528220, 
8, 4.493614, 
9, 4.448060, 
10, 4.380094, 
11, 4.258575, 
12, 4.059973, 
13, 3.785324, 
14, 3.459669, 
15, 3.087699, 
16, 2.618589, 
17, 1.996347, 
18, 1.318989, 
19, 0.759319, 
20, 0.401026, 
21, 0.218269, 
22, 0.132883, 
23, 0.090338, 
24, 0.066981, 
25, 0.053077, 
26, 0.044252, 
