Epoch Number, Total Squared Error, 
0, 4.736033, 
1, 4.624182, 
2, 4.568298, 
3, 4.547627, 
4, 4.557042, 
5, 4.551291, 
6, 4.538375, 
7, 4.543604, 
8, 4.561459, 
9, 4.574998, 
10, 4.567394, 
11, 4.537734, 
12, 4.482360, 
13, 4.377132, 
14, 4.181826, 
15, 3.871358, 
16, 3.480388, 
17, 3.077001, 
18, 2.677457, 
19, 2.216061, 
20, 1.569824, 
21, 0.891968, 
22, 0.559693, 
23, 0.376073, 
24, 0.222824, 
25, 0.135877, 
26, 0.093048, 
27, 0.070194, 
28, 0.056526, 
29, 0.047662, 
