Epoch Number, Total Squared Error, 
0, 4.752123, 
1, 4.636841, 
2, 4.729882, 
3, 4.605861, 
4, 4.488313, 
5, 4.498883, 
6, 4.525118, 
7, 4.562518, 
8, 4.544627, 
9, 4.520000, 
10, 4.526569, 
11, 4.544010, 
12, 4.552993, 
13, 4.537454, 
14, 4.504629, 
15, 4.454988, 
16, 4.362684, 
17, 4.189157, 
18, 3.896155, 
19, 3.455342, 
20, 2.822653, 
21, 1.976565, 
22, 1.176467, 
23, 0.645191, 
24, 0.341096, 
25, 0.190992, 
26, 0.119640, 
27, 0.083357, 
28, 0.063191, 
29, 0.051077, 
30, 0.043316, 
