Epoch Number, Total Squared Error, 
0, 5.138030, 
1, 4.619841, 
2, 4.658098, 
3, 4.612101, 
4, 4.650847, 
5, 4.598791, 
6, 4.482674, 
7, 4.483766, 
8, 4.508619, 
9, 4.527210, 
10, 4.496720, 
11, 4.438868, 
12, 4.389047, 
13, 4.319675, 
14, 4.185344, 
15, 3.951592, 
16, 3.659317, 
17, 3.383634, 
18, 3.116221, 
19, 2.748214, 
20, 2.140946, 
21, 1.369661, 
22, 0.735116, 
23, 0.382288, 
24, 0.212487, 
25, 0.127474, 
26, 0.082680, 
27, 0.057928, 
28, 0.043570, 
