Epoch Number, Total Squared Error, 
0, 4.762584, 
1, 4.735950, 
2, 4.699122, 
3, 4.605658, 
4, 4.559799, 
5, 4.570339, 
6, 4.596229, 
7, 4.601924, 
8, 4.591462, 
9, 4.591801, 
10, 4.599826, 
11, 4.600837, 
12, 4.585038, 
13, 4.553590, 
14, 4.503602, 
15, 4.414863, 
16, 4.250582, 
17, 3.963008, 
18, 3.503914, 
19, 2.824834, 
20, 1.901179, 
21, 1.002185, 
22, 0.468223, 
23, 0.223190, 
24, 0.120621, 
25, 0.075401, 
26, 0.053208, 
27, 0.041101, 
