Epoch Number, Total Squared Error, 
0, 4.960975, 
1, 4.732820, 
2, 4.873365, 
3, 4.677538, 
4, 4.502015, 
5, 4.510257, 
6, 4.534122, 
7, 4.548804, 
8, 4.461104, 
9, 4.346596, 
10, 4.193227, 
11, 3.957461, 
12, 3.652150, 
13, 3.320334, 
14, 2.979291, 
15, 2.548812, 
16, 1.949059, 
17, 1.287118, 
18, 0.824646, 
19, 0.504474, 
20, 0.284286, 
21, 0.164613, 
22, 0.105024, 
23, 0.073602, 
24, 0.055586, 
25, 0.044530, 
