Epoch Number, Total Squared Error, 
0, 4.844003, 
1, 4.740673, 
2, 4.839355, 
3, 4.653812, 
4, 4.536697, 
5, 4.542821, 
6, 4.583435, 
7, 4.604529, 
8, 4.558592, 
9, 4.538852, 
10, 4.549340, 
11, 4.563175, 
12, 4.548108, 
13, 4.506050, 
14, 4.453021, 
15, 4.370913, 
16, 4.222443, 
17, 3.980416, 
18, 3.659554, 
19, 3.284092, 
20, 2.814269, 
21, 2.116195, 
22, 1.289999, 
23, 0.679098, 
24, 0.339308, 
25, 0.184305, 
26, 0.114928, 
27, 0.080827, 
28, 0.062067, 
29, 0.050779, 
30, 0.043516, 
