Epoch Number, Total Squared Error, 
0, 4.685380, 
1, 4.548195, 
2, 4.545280, 
3, 4.559902, 
4, 4.574237, 
5, 4.540018, 
6, 4.497621, 
7, 4.493294, 
8, 4.498095, 
9, 4.484101, 
10, 4.437868, 
11, 4.369598, 
12, 4.277828, 
13, 4.136944, 
14, 3.927114, 
15, 3.671411, 
16, 3.432274, 
17, 3.232804, 
18, 3.015993, 
19, 2.660420, 
20, 2.055662, 
21, 1.329648, 
22, 0.737306, 
23, 0.387620, 
24, 0.221104, 
25, 0.140423, 
26, 0.097236, 
27, 0.072187, 
28, 0.056781, 
29, 0.046830, 
