Epoch Number, Total Squared Error, 
0, 4.821511, 
1, 4.678513, 
2, 4.798572, 
3, 4.631547, 
4, 4.496975, 
5, 4.509700, 
6, 4.535011, 
7, 4.554898, 
8, 4.484241, 
9, 4.397481, 
10, 4.292404, 
11, 4.098557, 
12, 3.704185, 
13, 3.050398, 
14, 2.203195, 
15, 1.303467, 
16, 0.647703, 
17, 0.324074, 
18, 0.179848, 
19, 0.112793, 
20, 0.079001, 
21, 0.060442, 
22, 0.049411, 
