Epoch Number, Total Squared Error, 
0, 4.892325, 
1, 4.665208, 
2, 4.608795, 
3, 4.582479, 
4, 4.588224, 
5, 4.547416, 
6, 4.510589, 
7, 4.512475, 
8, 4.519815, 
9, 4.495010, 
10, 4.402003, 
11, 4.216017, 
12, 3.871143, 
13, 3.272331, 
14, 2.386874, 
15, 1.420382, 
16, 0.745029, 
17, 0.391067, 
18, 0.219235, 
19, 0.132844, 
20, 0.088582, 
21, 0.064954, 
22, 0.051455, 
23, 0.043159, 
