Epoch Number, Total Squared Error, 
0, 4.756381, 
1, 4.583577, 
2, 4.520137, 
3, 4.488164, 
4, 4.497320, 
5, 4.494147, 
6, 4.483326, 
7, 4.495622, 
8, 4.510657, 
9, 4.506344, 
10, 4.453322, 
11, 4.323703, 
12, 4.078342, 
13, 3.655255, 
14, 3.001081, 
15, 2.127530, 
16, 1.264860, 
17, 0.681194, 
18, 0.370236, 
19, 0.209774, 
20, 0.128211, 
21, 0.087079, 
22, 0.065066, 
23, 0.052249, 
24, 0.044187, 
