Epoch Number, Total Squared Error, 
0, 5.140825, 
1, 4.509360, 
2, 4.614435, 
3, 4.592481, 
4, 4.642700, 
5, 4.633922, 
6, 4.498352, 
7, 4.488073, 
8, 4.515352, 
9, 4.536002, 
10, 4.508735, 
11, 4.426660, 
12, 4.324337, 
13, 4.152840, 
14, 3.828160, 
15, 3.257445, 
16, 2.443809, 
17, 1.540658, 
18, 0.825833, 
19, 0.421549, 
20, 0.226299, 
21, 0.134897, 
22, 0.090161, 
23, 0.066452, 
24, 0.052802, 
25, 0.044342, 
