Epoch Number, Total Squared Error, 
0, 4.794811, 
1, 4.648458, 
2, 4.596468, 
3, 4.587443, 
4, 4.636787, 
5, 4.626157, 
6, 4.584352, 
7, 4.565696, 
8, 4.566386, 
9, 4.543914, 
10, 4.447046, 
11, 4.272729, 
12, 4.027422, 
13, 3.726151, 
14, 3.402295, 
15, 3.096526, 
16, 2.824075, 
17, 2.557476, 
18, 2.179812, 
19, 1.535880, 
20, 0.900152, 
21, 0.604522, 
22, 0.351594, 
23, 0.202868, 
24, 0.133597, 
25, 0.097764, 
26, 0.076995, 
27, 0.063844, 
28, 0.054808, 
29, 0.048229, 
