Epoch Number, Total Squared Error, 
0, 4.911530, 
1, 4.598179, 
2, 4.634107, 
3, 4.669143, 
4, 4.662930, 
5, 4.507156, 
6, 4.361454, 
7, 4.267477, 
8, 4.121767, 
9, 3.844677, 
10, 3.504431, 
11, 3.237477, 
12, 2.977030, 
13, 2.506615, 
14, 1.681328, 
15, 0.942103, 
16, 0.532259, 
17, 0.292948, 
18, 0.170726, 
19, 0.111968, 
20, 0.081871, 
21, 0.064586, 
22, 0.053605, 
23, 0.046091, 
