Epoch Number, Total Squared Error, 
0, 4.754018, 
1, 4.643586, 
2, 4.573175, 
3, 4.538277, 
4, 4.534580, 
5, 4.503036, 
6, 4.439514, 
7, 4.355248, 
8, 4.219838, 
9, 3.970977, 
10, 3.560740, 
11, 3.005511, 
12, 2.320917, 
13, 1.562978, 
14, 0.874942, 
15, 0.484829, 
16, 0.265695, 
17, 0.153887, 
18, 0.099595, 
19, 0.071413, 
20, 0.055513, 
21, 0.045832, 
