Epoch Number, Total Squared Error, 
0, 4.753526, 
1, 4.702323, 
2, 4.653029, 
3, 4.611307, 
4, 4.579544, 
5, 4.557265, 
6, 4.537609, 
7, 4.507825, 
8, 4.451034, 
9, 4.345183, 
10, 4.164020, 
11, 3.891381, 
12, 3.535934, 
13, 3.107545, 
14, 2.568546, 
15, 1.896423, 
16, 1.242013, 
17, 0.721833, 
18, 0.385922, 
19, 0.217957, 
20, 0.136361, 
21, 0.093721, 
22, 0.069704, 
23, 0.055250, 
24, 0.046020, 
