Epoch Number, Total Squared Error, 
0, 4.693731, 
1, 4.642625, 
2, 4.604464, 
3, 4.574654, 
4, 4.540444, 
5, 4.494505, 
6, 4.430467, 
7, 4.330996, 
8, 4.171544, 
9, 3.940836, 
10, 3.663361, 
11, 3.374653, 
12, 3.064012, 
13, 2.666139, 
14, 2.115824, 
15, 1.434822, 
16, 0.771385, 
17, 0.369932, 
18, 0.191730, 
19, 0.114332, 
20, 0.076677, 
21, 0.056124, 
22, 0.043908, 
