Epoch Number, Total Squared Error, 
0, 4.672552, 
1, 4.610934, 
2, 4.565375, 
3, 4.535246, 
4, 4.517075, 
5, 4.505081, 
6, 4.497956, 
7, 4.493544, 
8, 4.483539, 
9, 4.454077, 
10, 4.385966, 
11, 4.254101, 
12, 4.031415, 
13, 3.710082, 
14, 3.314631, 
15, 2.847996, 
16, 2.279792, 
17, 1.623037, 
18, 0.968652, 
19, 0.558116, 
20, 0.305960, 
21, 0.177639, 
22, 0.116206, 
23, 0.084030, 
24, 0.065523, 
25, 0.054053, 
26, 0.046487, 
