Epoch Number, Total Squared Error, 
0, 5.059226, 
1, 4.620710, 
2, 4.590934, 
3, 4.524750, 
4, 4.580155, 
5, 4.603303, 
6, 4.530754, 
7, 4.508533, 
8, 4.512754, 
9, 4.540670, 
10, 4.540014, 
11, 4.476000, 
12, 4.367093, 
13, 4.209272, 
14, 3.986474, 
15, 3.694102, 
16, 3.388979, 
17, 3.110523, 
18, 2.842648, 
19, 2.518911, 
20, 2.043485, 
21, 1.526168, 
22, 1.054262, 
23, 0.615601, 
24, 0.343763, 
25, 0.204105, 
26, 0.132681, 
27, 0.093991, 
28, 0.071548, 
29, 0.057683, 
30, 0.048619, 
