Epoch Number, Total Squared Error, 
0, 4.785651, 
1, 4.785168, 
2, 4.768942, 
3, 4.570393, 
4, 4.489687, 
5, 4.489372, 
6, 4.446184, 
7, 4.298383, 
8, 4.055217, 
9, 3.780501, 
10, 3.431288, 
11, 2.948733, 
12, 2.343554, 
13, 1.702163, 
14, 1.061921, 
15, 0.584113, 
16, 0.316866, 
17, 0.189488, 
18, 0.125119, 
19, 0.089228, 
20, 0.067845, 
21, 0.054476, 
22, 0.045741, 
