Epoch Number, Total Squared Error, 
0, 4.691700, 
1, 4.582680, 
2, 4.563981, 
3, 4.565701, 
4, 4.571303, 
5, 4.550060, 
6, 4.523550, 
7, 4.521997, 
8, 4.532742, 
9, 4.541147, 
10, 4.539146, 
11, 4.533959, 
12, 4.530762, 
13, 4.522999, 
14, 4.497981, 
15, 4.436980, 
16, 4.310636, 
17, 4.070417, 
18, 3.653906, 
19, 3.020985, 
20, 2.196990, 
21, 1.374324, 
22, 0.778899, 
23, 0.434187, 
24, 0.244886, 
25, 0.148296, 
26, 0.100060, 
27, 0.074246, 
28, 0.059157, 
29, 0.049651, 
