Epoch Number, Total Squared Error, 
0, 4.728507, 
1, 4.595572, 
2, 4.570782, 
3, 4.566162, 
4, 4.586226, 
5, 4.559953, 
6, 4.522320, 
7, 4.507468, 
8, 4.491995, 
9, 4.433378, 
10, 4.274024, 
11, 3.963309, 
12, 3.435813, 
13, 2.650919, 
14, 1.695106, 
15, 0.913000, 
16, 0.474590, 
17, 0.259424, 
18, 0.150226, 
19, 0.095458, 
20, 0.067382, 
21, 0.051931, 
22, 0.042712, 
