Epoch Number, Total Squared Error, 
0, 4.777231, 
1, 4.724415, 
2, 4.752226, 
3, 4.597683, 
4, 4.507161, 
5, 4.512384, 
6, 4.523904, 
7, 4.498809, 
8, 4.407553, 
9, 4.294593, 
10, 4.133684, 
11, 3.890354, 
12, 3.581000, 
13, 3.249146, 
14, 2.891907, 
15, 2.435253, 
16, 1.871465, 
17, 1.326651, 
18, 0.851060, 
19, 0.495257, 
20, 0.284389, 
21, 0.171677, 
22, 0.111906, 
23, 0.079084, 
24, 0.060088, 
25, 0.048444, 
