Epoch Number, Total Squared Error, 
0, 5.070361, 
1, 4.648112, 
2, 4.672893, 
3, 4.640379, 
4, 4.705647, 
5, 4.657599, 
6, 4.561469, 
7, 4.559412, 
8, 4.566015, 
9, 4.546080, 
10, 4.442947, 
11, 4.271160, 
12, 4.024262, 
13, 3.673235, 
14, 3.214239, 
15, 2.645673, 
16, 1.934191, 
17, 1.202404, 
18, 0.711626, 
19, 0.430402, 
20, 0.259390, 
21, 0.162819, 
22, 0.111268, 
23, 0.082822, 
24, 0.065915, 
25, 0.055099, 
26, 0.047743, 
