Epoch Number, Total Squared Error, 
0, 4.743706, 
1, 4.637321, 
2, 4.592876, 
3, 4.583835, 
4, 4.587025, 
5, 4.562147, 
6, 4.539356, 
7, 4.536966, 
8, 4.537541, 
9, 4.514599, 
10, 4.444630, 
11, 4.309183, 
12, 4.075274, 
13, 3.711156, 
14, 3.211716, 
15, 2.568681, 
16, 1.768054, 
17, 1.028685, 
18, 0.578762, 
19, 0.322525, 
20, 0.181489, 
21, 0.110385, 
22, 0.074626, 
23, 0.055432, 
24, 0.044226, 
