Epoch Number, Total Squared Error, 
0, 4.874290, 
1, 4.600637, 
2, 4.567784, 
3, 4.525434, 
4, 4.510679, 
5, 4.469651, 
6, 4.362305, 
7, 4.265057, 
8, 4.123009, 
9, 3.887443, 
10, 3.566536, 
11, 3.227752, 
12, 2.860001, 
13, 2.375348, 
14, 1.800198, 
15, 1.264282, 
16, 0.780676, 
17, 0.456150, 
18, 0.280551, 
19, 0.183663, 
20, 0.127268, 
21, 0.093443, 
22, 0.072561, 
23, 0.059149, 
24, 0.050124, 
25, 0.043760, 
