Epoch Number, Total Squared Error, 
0, 4.722121, 
1, 4.665245, 
2, 4.682419, 
3, 4.586014, 
4, 4.509217, 
5, 4.505643, 
6, 4.531972, 
7, 4.526110, 
8, 4.448292, 
9, 4.322473, 
10, 4.130912, 
11, 3.830610, 
12, 3.411742, 
13, 2.881005, 
14, 2.148001, 
15, 1.282114, 
16, 0.677517, 
17, 0.349311, 
18, 0.189194, 
19, 0.115295, 
20, 0.078499, 
21, 0.058378, 
22, 0.046418, 
