Epoch Number, Total Squared Error, 
0, 4.916762, 
1, 4.678347, 
2, 4.624942, 
3, 4.583727, 
4, 4.589791, 
5, 4.554909, 
6, 4.500960, 
7, 4.488954, 
8, 4.484529, 
9, 4.456624, 
10, 4.375286, 
11, 4.246111, 
12, 4.068994, 
13, 3.832557, 
14, 3.557821, 
15, 3.289523, 
16, 3.015752, 
17, 2.664547, 
18, 2.173969, 
19, 1.556732, 
20, 0.926834, 
21, 0.498424, 
22, 0.283179, 
23, 0.177659, 
24, 0.120759, 
25, 0.087536, 
26, 0.067117, 
27, 0.054048, 
28, 0.045360, 
