Epoch Number, Total Squared Error, 
0, 4.742033, 
1, 4.700778, 
2, 4.722822, 
3, 4.579353, 
4, 4.505840, 
5, 4.520831, 
6, 4.548448, 
7, 4.549698, 
8, 4.507492, 
9, 4.490048, 
10, 4.497566, 
11, 4.496685, 
12, 4.458512, 
13, 4.378481, 
14, 4.260706, 
15, 4.085888, 
16, 3.835438, 
17, 3.532654, 
18, 3.241879, 
19, 2.965974, 
20, 2.592978, 
21, 1.990695, 
22, 1.239951, 
23, 0.650780, 
24, 0.335001, 
25, 0.186903, 
26, 0.116523, 
27, 0.079784, 
28, 0.058910, 
29, 0.046282, 
