Epoch Number, Total Squared Error, 
0, 4.760305, 
1, 4.692090, 
2, 4.637037, 
3, 4.584701, 
4, 4.548860, 
5, 4.538607, 
6, 4.543120, 
7, 4.546972, 
8, 4.542116, 
9, 4.533687, 
10, 4.521672, 
11, 4.493284, 
12, 4.428545, 
13, 4.306574, 
14, 4.111208, 
15, 3.841341, 
16, 3.518263, 
17, 3.152996, 
18, 2.676591, 
19, 1.988488, 
20, 1.298270, 
21, 0.812892, 
22, 0.445743, 
23, 0.249915, 
24, 0.157285, 
25, 0.108651, 
26, 0.080863, 
27, 0.064043, 
28, 0.053321, 
29, 0.046134, 
