Epoch Number, Total Squared Error, 
0, 4.702810, 
1, 4.557843, 
2, 4.541299, 
3, 4.535065, 
4, 4.566423, 
5, 4.557651, 
6, 4.522707, 
7, 4.517855, 
8, 4.530566, 
9, 4.543622, 
10, 4.532523, 
11, 4.499044, 
12, 4.448224, 
13, 4.361192, 
14, 4.202896, 
15, 3.941558, 
16, 3.585550, 
17, 3.159219, 
18, 2.633828, 
19, 2.006852, 
20, 1.349711, 
21, 0.829492, 
22, 0.474645, 
23, 0.255018, 
24, 0.152618, 
25, 0.102798, 
26, 0.075752, 
27, 0.059807, 
28, 0.049765, 
