Epoch Number, Total Squared Error, 
0, 4.849298, 
1, 4.805401, 
2, 4.721025, 
3, 4.545322, 
4, 4.493488, 
5, 4.511802, 
6, 4.529573, 
7, 4.513624, 
8, 4.473461, 
9, 4.435976, 
10, 4.376054, 
11, 4.253595, 
12, 4.048106, 
13, 3.781933, 
14, 3.502365, 
15, 3.224678, 
16, 2.914719, 
17, 2.513398, 
18, 2.010144, 
19, 1.454730, 
20, 0.890846, 
21, 0.484389, 
22, 0.270586, 
23, 0.166049, 
24, 0.112058, 
25, 0.082083, 
26, 0.064242, 
27, 0.052916, 
28, 0.045305, 
