Epoch Number, Total Squared Error, 
0, 4.662036, 
1, 4.628886, 
2, 4.615119, 
3, 4.572741, 
4, 4.517208, 
5, 4.476381, 
6, 4.430439, 
7, 4.338765, 
8, 4.152697, 
9, 3.860309, 
10, 3.483560, 
11, 3.030147, 
12, 2.446998, 
13, 1.761265, 
14, 1.073510, 
15, 0.614549, 
16, 0.335337, 
17, 0.183871, 
18, 0.113251, 
19, 0.078355, 
20, 0.059263, 
21, 0.047906, 
