Epoch Number, Total Squared Error, 
0, 4.816120, 
1, 4.750114, 
2, 4.787684, 
3, 4.599310, 
4, 4.501152, 
5, 4.528814, 
6, 4.556333, 
7, 4.561957, 
8, 4.505846, 
9, 4.461956, 
10, 4.431994, 
11, 4.361531, 
12, 4.196451, 
13, 3.915409, 
14, 3.558137, 
15, 3.129480, 
16, 2.562118, 
17, 1.862498, 
18, 1.245515, 
19, 0.734100, 
20, 0.389743, 
21, 0.217844, 
22, 0.137299, 
23, 0.095484, 
24, 0.071503, 
25, 0.056804, 
26, 0.047326, 
