Epoch Number, Total Squared Error, 
0, 5.228097, 
1, 4.640946, 
2, 4.698258, 
3, 4.624413, 
4, 4.664423, 
5, 4.636080, 
6, 4.500639, 
7, 4.494497, 
8, 4.501612, 
9, 4.457482, 
10, 4.307373, 
11, 4.085035, 
12, 3.855713, 
13, 3.606201, 
14, 3.335946, 
15, 3.090984, 
16, 2.902974, 
17, 2.739802, 
18, 2.520641, 
19, 2.146744, 
20, 1.581552, 
21, 1.017021, 
22, 0.608944, 
23, 0.338225, 
24, 0.196242, 
25, 0.124686, 
26, 0.088872, 
27, 0.068954, 
28, 0.055647, 
29, 0.045921, 
