Epoch Number, Total Squared Error, 
0, 5.021470, 
1, 4.572821, 
2, 4.555420, 
3, 4.443099, 
4, 4.477783, 
5, 4.404469, 
6, 4.152813, 
7, 3.892839, 
8, 3.562323, 
9, 3.198036, 
10, 2.651659, 
11, 1.942878, 
12, 1.278095, 
13, 0.734234, 
14, 0.409391, 
15, 0.228278, 
16, 0.138803, 
17, 0.095118, 
18, 0.071604, 
19, 0.057624, 
20, 0.048688, 
