Epoch Number, Total Squared Error, 
0, 4.625072, 
1, 4.619115, 
2, 4.641307, 
3, 4.520381, 
4, 4.446347, 
5, 4.429214, 
6, 4.398338, 
7, 4.299465, 
8, 4.115819, 
9, 3.901431, 
10, 3.656554, 
11, 3.397343, 
12, 3.138301, 
13, 2.825652, 
14, 2.371593, 
15, 1.794503, 
16, 1.155325, 
17, 0.618451, 
18, 0.335734, 
19, 0.199941, 
20, 0.129156, 
21, 0.089244, 
22, 0.065744, 
23, 0.051402, 
24, 0.042278, 
