Epoch Number, Total Squared Error, 
0, 4.720224, 
1, 4.657612, 
2, 4.643677, 
3, 4.576914, 
4, 4.500041, 
5, 4.464267, 
6, 4.431226, 
7, 4.331966, 
8, 4.094342, 
9, 3.740502, 
10, 3.306657, 
11, 2.789114, 
12, 2.134806, 
13, 1.388963, 
14, 0.833373, 
15, 0.509306, 
16, 0.298243, 
17, 0.182743, 
18, 0.122982, 
19, 0.090651, 
20, 0.071784, 
21, 0.059966, 
22, 0.052076, 
23, 0.046500, 
