Epoch Number, Total Squared Error, 
0, 5.210666, 
1, 4.589777, 
2, 4.639995, 
3, 4.569921, 
4, 4.631665, 
5, 4.596738, 
6, 4.460399, 
7, 4.428274, 
8, 4.381475, 
9, 4.256143, 
10, 3.892431, 
11, 3.225316, 
12, 2.259954, 
13, 1.271552, 
14, 0.628247, 
15, 0.326754, 
16, 0.186433, 
17, 0.117232, 
18, 0.081544, 
19, 0.061897, 
20, 0.050251, 
21, 0.042859, 
