Epoch Number, Total Squared Error, 
0, 4.717462, 
1, 4.638567, 
2, 4.687070, 
3, 4.590590, 
4, 4.488845, 
5, 4.483749, 
6, 4.513611, 
7, 4.551416, 
8, 4.545355, 
9, 4.530745, 
10, 4.532440, 
11, 4.539677, 
12, 4.530835, 
13, 4.488417, 
14, 4.412174, 
15, 4.289804, 
16, 4.093453, 
17, 3.813272, 
18, 3.493213, 
19, 3.168843, 
20, 2.787937, 
21, 2.253674, 
22, 1.608888, 
23, 0.950402, 
24, 0.484556, 
25, 0.254606, 
26, 0.147802, 
27, 0.095192, 
28, 0.067062, 
29, 0.050933, 
30, 0.041108, 
