Epoch Number, Total Squared Error, 
0, 4.949853, 
1, 4.593737, 
2, 4.600329, 
3, 4.569625, 
4, 4.645622, 
5, 4.627134, 
6, 4.546767, 
7, 4.539457, 
8, 4.555559, 
9, 4.572504, 
10, 4.538888, 
11, 4.461706, 
12, 4.345560, 
13, 4.143679, 
14, 3.791329, 
15, 3.242530, 
16, 2.515741, 
17, 1.654760, 
18, 0.903655, 
19, 0.501792, 
20, 0.289605, 
21, 0.165068, 
22, 0.101258, 
23, 0.069768, 
24, 0.053039, 
25, 0.043235, 
