Epoch Number, Total Squared Error, 
0, 4.752300, 
1, 4.696401, 
2, 4.779917, 
3, 4.615657, 
4, 4.502543, 
5, 4.486339, 
6, 4.486678, 
7, 4.402441, 
8, 4.191910, 
9, 3.923859, 
10, 3.556078, 
11, 3.043853, 
12, 2.340666, 
13, 1.495705, 
14, 0.821332, 
15, 0.413798, 
16, 0.218316, 
17, 0.131021, 
18, 0.088649, 
19, 0.065629, 
20, 0.051988, 
21, 0.043367, 
