Epoch Number, Total Squared Error, 
0, 5.128056, 
1, 4.667423, 
2, 4.871990, 
3, 4.733812, 
4, 4.520436, 
5, 4.522036, 
6, 4.524611, 
7, 4.611843, 
8, 4.609224, 
9, 4.563759, 
10, 4.544560, 
11, 4.550081, 
12, 4.560699, 
13, 4.516998, 
14, 4.411187, 
15, 4.249611, 
16, 4.017878, 
17, 3.692465, 
18, 3.279608, 
19, 2.803096, 
20, 2.248905, 
21, 1.590914, 
22, 0.930415, 
23, 0.562853, 
24, 0.330585, 
25, 0.190715, 
26, 0.121342, 
27, 0.086147, 
28, 0.066308, 
29, 0.053963, 
30, 0.045698, 
