Epoch Number, Total Squared Error, 
0, 4.848336, 
1, 4.652430, 
2, 4.600404, 
3, 4.562665, 
4, 4.565807, 
5, 4.533641, 
6, 4.491234, 
7, 4.493198, 
8, 4.511856, 
9, 4.518480, 
10, 4.487516, 
11, 4.428413, 
12, 4.343335, 
13, 4.199591, 
14, 3.943254, 
15, 3.533806, 
16, 2.954623, 
17, 2.116203, 
18, 1.140791, 
19, 0.530436, 
20, 0.258697, 
21, 0.142727, 
22, 0.090133, 
23, 0.063785, 
24, 0.049219, 
