Epoch Number, Total Squared Error, 
0, 4.711246, 
1, 4.655323, 
2, 4.616683, 
3, 4.585682, 
4, 4.555289, 
5, 4.546499, 
6, 4.562788, 
7, 4.589995, 
8, 4.609468, 
9, 4.616530, 
10, 4.617023, 
11, 4.610753, 
12, 4.585746, 
13, 4.521958, 
14, 4.396685, 
15, 4.189144, 
16, 3.902688, 
17, 3.589133, 
18, 3.300116, 
19, 3.026618, 
20, 2.699915, 
21, 2.194371, 
22, 1.529756, 
23, 1.015439, 
24, 0.618394, 
25, 0.328755, 
26, 0.185077, 
27, 0.114758, 
28, 0.078195, 
29, 0.057915, 
30, 0.045902, 
