Epoch Number, Total Squared Error, 
0, 4.689928, 
1, 4.708996, 
2, 4.691272, 
3, 4.574585, 
4, 4.535646, 
5, 4.545515, 
6, 4.531753, 
7, 4.459555, 
8, 4.330969, 
9, 4.167216, 
10, 3.945409, 
11, 3.657939, 
12, 3.337658, 
13, 3.014620, 
14, 2.648830, 
15, 2.182518, 
16, 1.635088, 
17, 1.073362, 
18, 0.610997, 
19, 0.343382, 
20, 0.208248, 
21, 0.137382, 
22, 0.097793, 
23, 0.073936, 
24, 0.058627, 
25, 0.048380, 
