Epoch Number, Total Squared Error, 
0, 4.670921, 
1, 4.623517, 
2, 4.582357, 
3, 4.556558, 
4, 4.540721, 
5, 4.529497, 
6, 4.524473, 
7, 4.525601, 
8, 4.525796, 
9, 4.516236, 
10, 4.489752, 
11, 4.437415, 
12, 4.342231, 
13, 4.180733, 
14, 3.936334, 
15, 3.613563, 
16, 3.225604, 
17, 2.740022, 
18, 2.098350, 
19, 1.403357, 
20, 0.810642, 
21, 0.408703, 
22, 0.210842, 
23, 0.124444, 
24, 0.082551, 
25, 0.059682, 
26, 0.046156, 
