Epoch Number, Total Squared Error, 
0, 4.691331, 
1, 4.647260, 
2, 4.596194, 
3, 4.549794, 
4, 4.520185, 
5, 4.513942, 
6, 4.521946, 
7, 4.531391, 
8, 4.534350, 
9, 4.528817, 
10, 4.511457, 
11, 4.471301, 
12, 4.386771, 
13, 4.224150, 
14, 3.947206, 
15, 3.547257, 
16, 3.046698, 
17, 2.458116, 
18, 1.844859, 
19, 1.252460, 
20, 0.772677, 
21, 0.424601, 
22, 0.230632, 
23, 0.137297, 
24, 0.090741, 
25, 0.065752, 
26, 0.051334, 
27, 0.042444, 
