Epoch Number, Total Squared Error, 
0, 4.623028, 
1, 4.587982, 
2, 4.577429, 
3, 4.580415, 
4, 4.578273, 
5, 4.562144, 
6, 4.542816, 
7, 4.520632, 
8, 4.479017, 
9, 4.392050, 
10, 4.236205, 
11, 3.993993, 
12, 3.665114, 
13, 3.273965, 
14, 2.790620, 
15, 2.066738, 
16, 1.229716, 
17, 0.653481, 
18, 0.312997, 
19, 0.158924, 
20, 0.091614, 
21, 0.059572, 
22, 0.042814, 
