Epoch Number, Total Squared Error, 
0, 4.716430, 
1, 4.677001, 
2, 4.707616, 
3, 4.579296, 
4, 4.506162, 
5, 4.522093, 
6, 4.544142, 
7, 4.537134, 
8, 4.467478, 
9, 4.380933, 
10, 4.255405, 
11, 4.026122, 
12, 3.636905, 
13, 3.069273, 
14, 2.307932, 
15, 1.444746, 
16, 0.794596, 
17, 0.416298, 
18, 0.223776, 
19, 0.133133, 
20, 0.089297, 
21, 0.066179, 
22, 0.052822, 
23, 0.044481, 
