Epoch Number, Total Squared Error, 
0, 4.815253, 
1, 4.681040, 
2, 4.616292, 
3, 4.599536, 
4, 4.620742, 
5, 4.591578, 
6, 4.541177, 
7, 4.497790, 
8, 4.433408, 
9, 4.286890, 
10, 4.003654, 
11, 3.586797, 
12, 3.040253, 
13, 2.339943, 
14, 1.564304, 
15, 0.901251, 
16, 0.515419, 
17, 0.280647, 
18, 0.159431, 
19, 0.102245, 
20, 0.073142, 
21, 0.056828, 
22, 0.046912, 
