Epoch Number, Total Squared Error, 
0, 4.841273, 
1, 4.701038, 
2, 4.785551, 
3, 4.616109, 
4, 4.483991, 
5, 4.490780, 
6, 4.532122, 
7, 4.567190, 
8, 4.503980, 
9, 4.393663, 
10, 4.228555, 
11, 3.927955, 
12, 3.338664, 
13, 2.411600, 
14, 1.429523, 
15, 0.746752, 
16, 0.378723, 
17, 0.206550, 
18, 0.125118, 
19, 0.084289, 
20, 0.062452, 
21, 0.049859, 
