Epoch Number, Total Squared Error, 
0, 4.812577, 
1, 4.725592, 
2, 4.723197, 
3, 4.586887, 
4, 4.490117, 
5, 4.492310, 
6, 4.527920, 
7, 4.556930, 
8, 4.545250, 
9, 4.535992, 
10, 4.545984, 
11, 4.561933, 
12, 4.565559, 
13, 4.550157, 
14, 4.525493, 
15, 4.488703, 
16, 4.414474, 
17, 4.255192, 
18, 3.940388, 
19, 3.387506, 
20, 2.568828, 
21, 1.604879, 
22, 0.823162, 
23, 0.404078, 
24, 0.214571, 
25, 0.128623, 
26, 0.086709, 
27, 0.064392, 
28, 0.051487, 
29, 0.043464, 
