Epoch Number, Total Squared Error, 
0, 5.060454, 
1, 4.584056, 
2, 4.613011, 
3, 4.581428, 
4, 4.596822, 
5, 4.591399, 
6, 4.485551, 
7, 4.462974, 
8, 4.481342, 
9, 4.503998, 
10, 4.501994, 
11, 4.461257, 
12, 4.412739, 
13, 4.342433, 
14, 4.207128, 
15, 3.938260, 
16, 3.478601, 
17, 2.818670, 
18, 1.948793, 
19, 1.058668, 
20, 0.513509, 
21, 0.263886, 
22, 0.152798, 
23, 0.100093, 
24, 0.072721, 
25, 0.057182, 
26, 0.047650, 
