Epoch Number, Total Squared Error, 
0, 4.614332, 
1, 4.604479, 
2, 4.639188, 
3, 4.566665, 
4, 4.503594, 
5, 4.505263, 
6, 4.526300, 
7, 4.544051, 
8, 4.530365, 
9, 4.514028, 
10, 4.509926, 
11, 4.500713, 
12, 4.462781, 
13, 4.377241, 
14, 4.236560, 
15, 4.034595, 
16, 3.777190, 
17, 3.494798, 
18, 3.211021, 
19, 2.884903, 
20, 2.425104, 
21, 1.830391, 
22, 1.261655, 
23, 0.743187, 
24, 0.394372, 
25, 0.224849, 
26, 0.142002, 
27, 0.097734, 
28, 0.072360, 
29, 0.056977, 
30, 0.047156, 
