Epoch Number, Total Squared Error, 
0, 4.750831, 
1, 4.631924, 
2, 4.569890, 
3, 4.541368, 
4, 4.531113, 
5, 4.511113, 
6, 4.488869, 
7, 4.483245, 
8, 4.482490, 
9, 4.463750, 
10, 4.399765, 
11, 4.267042, 
12, 4.041182, 
13, 3.696819, 
14, 3.219447, 
15, 2.589222, 
16, 1.807896, 
17, 1.122377, 
18, 0.647178, 
19, 0.343209, 
20, 0.193144, 
21, 0.122666, 
22, 0.085920, 
23, 0.064863, 
24, 0.052002, 
25, 0.043743, 
