Epoch Number, Total Squared Error, 
0, 4.794506, 
1, 4.717685, 
2, 4.650861, 
3, 4.543327, 
4, 4.480249, 
5, 4.473611, 
6, 4.481493, 
7, 4.459686, 
8, 4.368919, 
9, 4.188088, 
10, 3.876361, 
11, 3.393781, 
12, 2.720949, 
13, 1.887808, 
14, 1.114934, 
15, 0.595916, 
16, 0.328920, 
17, 0.189033, 
18, 0.117826, 
19, 0.081712, 
20, 0.062066, 
21, 0.050419, 
22, 0.042990, 
