Epoch Number, Total Squared Error, 
0, 4.820278, 
1, 4.806276, 
2, 4.749699, 
3, 4.509516, 
4, 4.363463, 
5, 4.221525, 
6, 3.949706, 
7, 3.451262, 
8, 2.857179, 
9, 2.105922, 
10, 1.275618, 
11, 0.678789, 
12, 0.350512, 
13, 0.197003, 
14, 0.124473, 
15, 0.086449, 
16, 0.064759, 
17, 0.051641, 
18, 0.043296, 
