Epoch Number, Total Squared Error, 
0, 4.632897, 
1, 4.597701, 
2, 4.626089, 
3, 4.569345, 
4, 4.517445, 
5, 4.515858, 
6, 4.531052, 
7, 4.546920, 
8, 4.530011, 
9, 4.502557, 
10, 4.476776, 
11, 4.433651, 
12, 4.335688, 
13, 4.134360, 
14, 3.790173, 
15, 3.273332, 
16, 2.572214, 
17, 1.755289, 
18, 1.055604, 
19, 0.602705, 
20, 0.329005, 
21, 0.181406, 
22, 0.111403, 
23, 0.076742, 
24, 0.057819, 
25, 0.046563, 
