Epoch Number, Total Squared Error, 
0, 4.600384, 
1, 4.580140, 
2, 4.557324, 
3, 4.526303, 
4, 4.501276, 
5, 4.490664, 
6, 4.488853, 
7, 4.487334, 
8, 4.482472, 
9, 4.477027, 
10, 4.471534, 
11, 4.460914, 
12, 4.436868, 
13, 4.389326, 
14, 4.303964, 
15, 4.158637, 
16, 3.929858, 
17, 3.615102, 
18, 3.237967, 
19, 2.772712, 
20, 2.073587, 
21, 1.201343, 
22, 0.593706, 
23, 0.301118, 
24, 0.172073, 
25, 0.112134, 
26, 0.081100, 
27, 0.063304, 
28, 0.052266, 
29, 0.044987, 
