Epoch Number, Total Squared Error, 
0, 4.953771, 
1, 4.651632, 
2, 4.599104, 
3, 4.549319, 
4, 4.560494, 
5, 4.479006, 
6, 4.321792, 
7, 4.148561, 
8, 3.912535, 
9, 3.625692, 
10, 3.305064, 
11, 3.028450, 
12, 2.826611, 
13, 2.694049, 
14, 2.555383, 
15, 2.317499, 
16, 1.884095, 
17, 1.220296, 
18, 0.685472, 
19, 0.470736, 
20, 0.304730, 
21, 0.180605, 
22, 0.115239, 
23, 0.081980, 
24, 0.063647, 
25, 0.052257, 
26, 0.044448, 
