Epoch Number, Total Squared Error, 
0, 4.852822, 
1, 4.798634, 
2, 4.727995, 
3, 4.647704, 
4, 4.596564, 
5, 4.580126, 
6, 4.572213, 
7, 4.551809, 
8, 4.513289, 
9, 4.450379, 
10, 4.339614, 
11, 4.155507, 
12, 3.900180, 
13, 3.612554, 
14, 3.332043, 
15, 3.055843, 
16, 2.742868, 
17, 2.340731, 
18, 1.811896, 
19, 1.169825, 
20, 0.641001, 
21, 0.346592, 
22, 0.206763, 
23, 0.138068, 
24, 0.100771, 
25, 0.078562, 
26, 0.064364, 
27, 0.054787, 
28, 0.048038, 
