Epoch Number, Total Squared Error, 
0, 4.708839, 
1, 4.658095, 
2, 4.684651, 
3, 4.579096, 
4, 4.498752, 
5, 4.502853, 
6, 4.534120, 
7, 4.558710, 
8, 4.541590, 
9, 4.526622, 
10, 4.524919, 
11, 4.513861, 
12, 4.455799, 
13, 4.314375, 
14, 4.043695, 
15, 3.553180, 
16, 2.740616, 
17, 1.685149, 
18, 0.810960, 
19, 0.363920, 
20, 0.179592, 
21, 0.102141, 
22, 0.066392, 
23, 0.048120, 
