Epoch Number, Total Squared Error, 
0, 4.917324, 
1, 4.639506, 
2, 4.582528, 
3, 4.536425, 
4, 4.583058, 
5, 4.585040, 
6, 4.532160, 
7, 4.506076, 
8, 4.489035, 
9, 4.451814, 
10, 4.320530, 
11, 4.075439, 
12, 3.755716, 
13, 3.415272, 
14, 3.071335, 
15, 2.679285, 
16, 2.170691, 
17, 1.457543, 
18, 0.834316, 
19, 0.486666, 
20, 0.274626, 
21, 0.162519, 
22, 0.107220, 
23, 0.078148, 
24, 0.061356, 
25, 0.050823, 
26, 0.043769, 
