Epoch Number, Total Squared Error, 
0, 4.655440, 
1, 4.535272, 
2, 4.526206, 
3, 4.538059, 
4, 4.550177, 
5, 4.527793, 
6, 4.497730, 
7, 4.498477, 
8, 4.513474, 
9, 4.523824, 
10, 4.518449, 
11, 4.502465, 
12, 4.480477, 
13, 4.436552, 
14, 4.337895, 
15, 4.140660, 
16, 3.799492, 
17, 3.276438, 
18, 2.539148, 
19, 1.652246, 
20, 0.921693, 
21, 0.475915, 
22, 0.248334, 
23, 0.142094, 
24, 0.091745, 
25, 0.065954, 
26, 0.051470, 
27, 0.042643, 
