Epoch Number, Total Squared Error, 
0, 4.670132, 
1, 4.640104, 
2, 4.638042, 
3, 4.545216, 
4, 4.485236, 
5, 4.482641, 
6, 4.482320, 
7, 4.442116, 
8, 4.320574, 
9, 4.106581, 
10, 3.729486, 
11, 3.067797, 
12, 2.104265, 
13, 1.188337, 
14, 0.600110, 
15, 0.305947, 
16, 0.172043, 
17, 0.109142, 
18, 0.077141, 
19, 0.059382, 
20, 0.048721, 
