Epoch Number, Total Squared Error, 
0, 5.235550, 
1, 4.684589, 
2, 4.698095, 
3, 4.582903, 
4, 4.659455, 
5, 4.671510, 
6, 4.556776, 
7, 4.537802, 
8, 4.544274, 
9, 4.572740, 
10, 4.547030, 
11, 4.459971, 
12, 4.348814, 
13, 4.181775, 
14, 3.918366, 
15, 3.540075, 
16, 3.102755, 
17, 2.620723, 
18, 2.049335, 
19, 1.334921, 
20, 0.761902, 
21, 0.475128, 
22, 0.259092, 
23, 0.137679, 
24, 0.082731, 
25, 0.056896, 
26, 0.043112, 
