Epoch Number, Total Squared Error, 
0, 4.763147, 
1, 4.688393, 
2, 4.622763, 
3, 4.539927, 
4, 4.465719, 
5, 4.426555, 
6, 4.400114, 
7, 4.344747, 
8, 4.211137, 
9, 3.974974, 
10, 3.655079, 
11, 3.299605, 
12, 2.909357, 
13, 2.448580, 
14, 1.937252, 
15, 1.421656, 
16, 0.997228, 
17, 0.606985, 
18, 0.359611, 
19, 0.219682, 
20, 0.144188, 
21, 0.102628, 
22, 0.078239, 
23, 0.062868, 
24, 0.052560, 
25, 0.045298, 
